"Ключевое слово";"Слов";"Символов";"Частотность Весь мир";"""!Частотность !Весь !мир"""
"как сконцентрироваться";2;22;1461;61
"как сконцентрироваться на задаче";4;32;55;7
"как можно сконцентрироваться на учебе";5;37;12;10
"как быстро сконцентрироваться";3;29;42;13
"как заставить себя сконцентрироваться";4;37;14;9
"как сконцентрироваться на работе и не отвлекаться";7;49;16;13
"как сконцентрироваться на книге";4;31;16;8
"как сконцентрироваться на работе";4;32;103;21
"как сконцентрироваться быстро";3;29;42;13
"сконцентрироваться как пишется";3;30;41;17
"сконцентрируйся как пишется";3;27;41;11
"как сконцентрироваться на учебе и не отвлекаться";7;48;39;25
"как пишется сконцентрироваться";3;30;49;21
"как сконцентрироваться на себе и своей жизни";7;44;23;8
"сконцентрироваться на себе как";4;30;70;13
"как сконцентрироваться на учебе";4;31;118;53
"как максимально сконцентрироваться";3;34;34;6
"как сконцентрироваться на себе";4;30;38;2
"как сконцентрироваться на подготовке к экзамену";6;47;8;3
"как сконцентрироваться на чтении";4;32;28;4
"как сконцентрироваться на деле";4;30;157;2
"как сконцентрироваться на намазе";4;32;4;4
"как сконцентрироваться на экзамене";4;34;41;2
"как называется когда ребенок не может сконцентрироваться";7;56;9;5
"как сконцентрироваться на вождении";4;34;20;4
"как научиться сконцентрироваться";3;32;8;5
"как сконцентрироваться только на себе";5;37;23;3
"как называется синдром когда не можешь сконцентрироваться";7;57;43;5
"как себя заставить сконцентрироваться";4;37;8;5
"как мне сконцентрироваться";3;26;65;2
"как называется когда не можешь сконцентрироваться";6;49;248;4
"как сконцентрироваться на экзамене по вождению";6;46;8;6
"как правильно сконцентрироваться";3;32;36;2
"сконцентрировалась как пишется";3;30;35;1
"как сконцентрироваться на";3;25;949;1
"как пишется слово сконцентрироваться";4;36;7;2
"как сконцентрироваться на одном деле";5;36;136;1
"как правильно пишется сконцентрироваться";4;40;5;2
"как называется болезнь когда не можешь сконцентрироваться";7;57;39;1
"как сконцентрироваться и успокоиться";4;36;10;2
"как сконцентрироваться на чтении и запоминать прочитанное";7;57;5;2
"как сконцентрироваться на одной цели";5;36;9;2
"как быстро сконцентрироваться на учебе";5;38;3;2
"как сконцентрироваться на своей жизни";5;37;12;2
"как сконцентрироваться на сне";4;29;9;2
"как сконцентрироваться на мысли";4;31;55;1
"как сконцентрироваться на одной вещи";5;36;9;2
"как сконцентрироваться на игре";4;30;20;2
"сконцентрироваться как правильно";3;32;25;1
"как помочь мозгу сконцентрироваться";4;35;2;1
"как расслабиться и сконцентрироваться";4;37;3;1
"как успокоиться и сконцентрироваться";4;36;5;1
"как называется неспособность сконцентрироваться";4;47;3;1
"сконцентрироваться как правильно пишется";4;40;4;1
"как сконцентрироваться во время секса";5;37;2;1
"как сконцентрироваться на тексте";4;32;15;1
"как сконцентрироваться перед экзаменом";4;38;5;1
"как сконцентрироваться на важном";4;32;13;1
"как заставить мозг сконцентрироваться";4;37;3;1
"как сконцентрироваться на предмете";4;34;16;1
"сконцентрироваться на книге как";4;31;13;1
"как быстро сконцентрироваться на работе";5;39;3;1
"как сконцентрироваться на мысли одной";5;37;7;1
"как сконцентрироваться на выполнении задачи";5;43;16;1
"как сконцентрироваться на сексе";4;31;2;1
"как сконцентрироваться на работу";4;32;103;0
"как сконцентрироваться на чем";4;29;163;0
"как сконцентрироваться если не спал";5;35;1;1
"как сконцентрироваться на делах";4;31;157;0
"как сконцентрироваться на одном";4;31;274;0
"как сконцентрироваться на человеке";4;34;106;0
"как сконцентрироваться на ударе";4;31;1;1
"как сконцентрироваться на чтении книги";5;38;1;1
"как быстро сконцентрироваться на экзамене";5;41;1;1
"не может сконцентрироваться как называется";5;42;259;0
"как сконцентрироваться на настоящем";4;35;2;1
"как сконцентрироваться в намазе";4;31;1;1
"как сконцентрироваться на учебу";4;31;118;0
"как сконцентрироваться при медитации";4;36;1;1
"как сконцентрироваться за рулем";4;31;2;1
"как сконцентрироваться на чем то";5;32;83;0
"как сконцентрироваться на работе и";5;34;41;0
"как сконцентрироваться экзамен";3;30;48;0
"как сконцентрироваться на мыслей";4;32;55;0
"как сильно сконцентрироваться";3;29;48;0
"как сконцентрироваться мысли";3;28;53;0
"как сконцентрироваться на экзаменах";4;35;41;0
"сконцентрироваться это как";3;26;77;0
"как сконцентрироваться на мыслях";4;32;55;0
"как сконцентрироваться на одном человеке";5;40;71;0
"как пишется сконцентрировался";3;29;49;0
"сконцентрироваться как это";3;26;77;0
"как сконцентрироваться и не отвлекаться";5;39;72;0
"как называется расстройство когда не можешь сконцентрироваться";7;62;45;0
"как себя сконцентрироваться";3;27;57;0
"как на чем то сконцентрироваться";5;32;83;0
"сконцентрировался как пишется";3;29;41;0
"как сконцентрироваться в игре";4;29;26;0
"как лучше сконцентрироваться";3;28;27;0
"как можно сконцентрироваться";3;28;28;0
"как хорошо сконцентрироваться";3;29;27;0
"как сконцентрироваться на чем то одном";6;38;28;0
"как можно сконцентрироваться на";4;31;27;0
"как сконцентрироваться на внимание";4;34;32;0
"как сконцентрироваться на чтений";4;32;28;0
"как нужно сконцентрироваться";3;28;29;0
"как сконцентрироваться что то на одном";6;38;28;0
"сконцентрироваться на мысли как";4;31;36;0
"как сконцентрироваться внимание";3;31;31;0
"сконцентрируйтесь как пишется";3;29;27;0
"сконцентрируюсь как пишется";3;27;28;0
"сконцентрируешься как пишется";3;29;37;0
"как правильно сконцентрироваться на";4;35;24;0
"как сконцентрироваться на одной задаче";5;38;12;0
"как сконцентрироваться на нужном";4;32;16;0
"книга как сконцентрироваться";3;28;20;0
"как сконцентрироваться и запоминать";4;35;14;0
"книги как сконцентрироваться";3;28;20;0
"как сконцентрироваться к экзаменам";4;34;13;0
"как понять сконцентрироваться";3;29;22;0
"как сконцентрироваться на цель";4;30;20;0
"как сконцентрироваться на хорошем";4;33;21;0
"как сконцентрироваться на цели";4;30;19;0
"как сконцентрироваться на чтение";4;32;23;0
"как в чем то сконцентрироваться";5;31;21;0
"как сконцентрироваться мозг";3;27;13;0
"сконцентрировалась как правильно";3;32;20;0
"как максимально сконцентрироваться на работе";5;44;23;0
"как сконцентрироваться на выполнении работы";5;43;12;0
"как сосредоточиться сконцентрироваться";3;38;9;0
"как сконцентрироваться на прочитанном";4;37;10;0
"как сконцентрироваться и не отвлекаться на мысли";7;48;11;0
"как сконцентрироваться в мыслях";4;31;10;0
"как сконцентрироваться и выполнить работу";5;41;11;0
"как писать сконцентрируйся";3;26;9;0
"совет как сконцентрироваться";3;28;11;0
"как максимально сконцентрироваться на задаче";5;44;11;0
"как сконцентрироваться совет";3;28;11;0
"советы как сконцентрироваться";3;29;11;0
"как сконцентрироваться на разговоре";4;35;12;0
"как полностью сконцентрироваться";3;32;11;0
"как сконцентрироваться на одной мысли";5;37;10;0
"как сконцентрироваться и думать";4;31;11;0
"как ребенку сконцентрироваться";3;30;12;0
"сконцентрироваться как писать";3;29;9;0
"как сконцентрироваться и выучить";4;32;6;0
"как сконцентрироваться медитация";3;32;7;0
"как сконцентрироваться на английском";4;36;8;0
"как сконцентрироваться методы";3;29;7;0
"как сконцентрироваться на проблеме";4;34;7;0
"как сконцентрироваться на обучении";4;34;6;0
"как сконцентрироваться на подготовке";4;36;9;0
"как сконцентрироваться на ощущениях";4;35;7;0
"как легко сконцентрироваться";3;28;8;0
"медитация как сконцентрироваться";3;32;7;0
"совет как сконцентрироваться на";4;31;9;0
"как научится сконцентрироваться";3;31;8;0
"как сконцентрироваться на месте";4;31;6;0
"как сконцентрироваться на процессе";4;34;8;0
"как сконцентрироваться на сон";4;29;9;0
"как сконцентрироваться на задании";4;33;6;0
"как пишется слово сконцентрируешься";4;35;5;0
"как сконцентрироваться перед экзаменам";4;38;5;0
"как сконцентрироваться если не получается";5;41;5;0
"как сконцентрироваться на том что делаешь";6;41;5;0
"как сконцентрироваться перед экзаменов";4;38;5;0
"как называется состояние когда не можешь сконцентрироваться";7;59;5;0
"как сконцентрироваться видео";3;28;6;0
"как сконцентрироваться на желание";4;33;5;0
"как сконцентрироваться на духе";4;30;5;0
"как сконцентрироваться внимание ребенка";4;39;5;0
"как сконцентрироваться на чем либо";5;34;6;0
"как сконцентрироваться на желании";4;33;5;0
"как сконцентрироваться дома";3;27;5;0
"как сконцентрироваться перед экзаменами";4;39;5;0
"как сконцентрироваться легко";3;28;6;0
"как успокоится и сконцентрироваться";4;35;5;0
"как сконцентрироваться на музыке";4;32;4;0
"как сконцентрироваться на занятиях";4;34;4;0
"как сконцентрироваться на своих мыслях";5;38;4;0
"как сконцентрироваться на мышцу";4;31;4;0
"как сконцентрироваться на одном месте";5;37;4;0
"как сконцентрироваться на тесте";4;31;4;0
"сконцентрироваться на себе это как";5;34;4;0
"как сконцентрироваться на одной работе";5;38;4;0
"как сконцентрироваться упражнения";3;33;4;0
"как сконцентрироваться на дыхании";4;33;4;0
"как сконцентрироваться на мышцах";4;32;4;0
"ничего не получается как сконцентрироваться";5;43;4;0
"как лучше всего сконцентрироваться";4;34;4;0
"как быстро сконцентрироваться на задаче";5;39;4;0
"как сконцентрироваться на чтении и запоминать";6;45;5;0
"как сконцентрироваться для работы";4;33;4;0
"как сконцентрироваться на желаемом";4;34;3;0
"как сконцентрироваться на фильме";4;32;3;0
"как правильно сконцентрироваться на цели";5;40;3;0
"как сконцентрироваться на 100";4;29;3;0
"как сконцентрироваться на своей цели";5;36;3;0
"как сконцентрироваться в медитации";4;34;3;0
"как сконцентрироваться на своих целях";5;37;3;0
"как правильно сконцентрироваться на работе";5;42;3;0
"сконцентрироваться как перенести";3;32;3;0
"как заставить себя сконцентрироваться на";5;40;3;0
"как сконцентрироваться на каком то деле";6;39;3;0
"как сконцентрироваться свое внимание";4;36;3;0
"как сконцентрироваться на спорте";4;32;3;0
"как сконцентрироваться на одном предмете";5;40;3;0
"как сконцентрироваться на мышце";4;31;4;0
"как сконцентрироваться на окружающем";4;36;3;0
"как сконцентрироваться при вождении";4;35;2;0
"как сконцентрироваться на футболе";4;33;2;0
"как быстро сконцентрироваться на делах";5;38;2;0
"как сконцентрироваться на точке";4;31;2;0
"как лучше сконцентрироваться на учебе";5;37;2;0
"как сконцентрироваться мудра";3;28;2;0
"как уметь сконцентрироваться";3;28;2;0
"как правильно сконцентрироваться на дыхании";5;43;2;0
"психология как сконцентрироваться";3;33;2;0
"как быстро сконцентрироваться на деле";5;37;2;0
"как сконцентрироваться и вспомнить";4;34;3;0
"сессии как сконцентрироваться";3;29;2;0
"как сконцентрироваться на каком то предмете";6;43;2;0
"как сконцентрироваться на егэ";4;29;2;0
"как сконцентрироваться при чтении";4;33;3;0
"как сконцентрироваться магия";3;28;2;0
"как сконцентрироваться при чтении книги";5;39;2;0
"как сконцентрироваться во сне";4;29;2;0
"как помочь себе сконцентрироваться";4;34;2;0
"как сконцентрироваться на визуализации";4;38;2;0
"как сконцентрироваться на успехе";4;32;2;0
"как сконцентрироваться на шифтинге";4;34;2;0
"медитация как сконцентрироваться на";4;35;2;0
"как сконцентрироваться на главном";4;33;2;0
"как писать слово сконцентрироваться";4;35;2;0
"как сконцентрироваться на занятии";4;33;2;0
"как сконцентрироваться при разговоре";4;36;2;0
"как можно быстро сконцентрироваться";4;35;2;0
"как сконцентрироваться на медитации";4;35;2;0
"как сосредоточиться и сконцентрироваться";4;40;2;0
"как сконцентрироваться на точку";4;31;2;0
"как сконцентрироваться на силе мысли";5;36;2;0
"как сконцентрироваться на трудную работу";5;40;2;0
"как правильно пишется слово сконцентрироваться";5;46;2;0
"как себя сконцентрироваться на работе";5;37;2;0
"как сконцентрироваться на настоящем моменте";5;43;2;0
"как сконцентрироваться на одном желании";5;39;2;0
"как сконцентрироваться внимание на работе";5;41;2;0
"как сконцентрироваться во время секс";5;36;2;0
"как сконцентрироваться на своем деле";5;36;2;0
"как сконцентрироваться на окружающем мире";5;41;2;0
"как сконцентрироваться на одном деле и не";7;41;3;0
"как называется когда не можешь сконцентрироваться на одном";8;58;130;7
"как называется болезнь когда человек не может сконцентрироваться";8;64;17;1
"как сконцентрироваться на одном деле и не отвлекаться";8;53;2;1
"как сконцентрироваться на себе а не на отношениях";8;49;1;1
"как убрать лишние мысли из головы и сконцентрироваться";8;54;1;1
"как называется синдром когда не можешь сконцентрироваться на одном";9;66;35;7
"как называется когда не можешь сконцентрироваться на одном деле";9;63;73;6
"как называется болезнь когда не можешь сконцентрироваться на одном";9;66;16;0
"как сконцентрироваться на учебе и не отвлекаться на мысли";9;57;12;0
"как сконцентрироваться на учебе и не отвлекаться на телефон";9;59;12;0
"как называется расстройство когда не можешь сконцентрироваться на одном деле";10;76;30;29
"как называется синдром когда не можешь сконцентрироваться на одном деле";10;71;15;14
"как называется болезнь когда не можешь сконцентрироваться на одном деле";10;71;7;4
"как называется когда не можешь сконцентрироваться на одном деле синдром";10;71;21;20
"как называется болезнь когда человек не может сконцентрироваться на одном";10;73;11;2
"как называется болезнь когда человек не может сконцентрироваться на одном деле";11;78;9;9
"как называется когда человек не может сконцентрироваться на чем то одном";11;72;4;2
"как сконцентрироваться на учебе и не отвлекаться на телефон и мысли";11;67;2;2
