kluch,last,god,tri,ryad
white noise generator,4400,-26%,-17%,5283 9175 5925 4400
noise colors,2650,-24%,-46%,4892 5150 3500 2650
sound generator,2200,+14%,+44%,1525 1700 1933 2200
noise generator,1165,+8%,+8%,1075 1125 1075 1165
brown noise generator,1060,-2%,+24%,852 558 1081 1060
pink noise generator,950,-5%,-11%,1067 1350 1005 950
white pink brown noise,655,-12%,-45%,1195 995 741 655
ambient noise generator,513,+53%,+28%,401 376 336 513
background noise generator,513,+53%,+28%,401 376 336 513
noise machine app,262,+10%,-10%,291 271 239 262
noise generator online,180,+4%,-38%,291 191 173 180
online noise generator,180,+4%,-38%,291 191 173 180
color noise generator,55,+4%,-46%,102 93 53 55
colored noise generator,55,+4%,-46%,102 93 53 55
noise color generator,55,+4%,-46%,102 93 53 55
noise generator app,51,-18%,-2%,52 48 62 51
noise generator website,10,+0%,-17%,12 10 10 10
colour noise generator,0,,,
noise generator chrome,0,,,
noise generator extension,0,,,
focus noise generator,0,,,
