kluch,obem,avgust,trend,konkurenciya,mesyacy
white noise machine,74000,49500,-32%,HIGH,90500 90500 90500 110000 74000 60500 60500 49500 60500 60500 74000 49500
noise app,27100,49500,+160%,LOW,18100 9900 22200 22200 12100 18100 27100 27100 40500 40500 40500 49500
sound machine,27100,27100,-12%,HIGH,27100 27100 33100 33100 27100 27100 27100 27100 27100 22200 27100 27100
adhd body double,9900,9900,+0%,LOW,9900 9900 9900 8100 12100 9900 9900 9900 8100 9900 9900 9900
study buddy,9900,12100,+41%,MEDIUM,8100 8100 9900 9900 9900 8100 8100 8100 8100 6600 18100 12100
adhd planner,8100,8100,-28%,HIGH,8100 8100 9900 12100 12100 6600 8100 6600 5400 5400 5400 8100
noise maker,8100,6600,-29%,HIGH,8100 9900 8100 12100 9900 8100 8100 8100 9900 6600 5400 6600
noise machine,6600,6600,-12%,HIGH,5400 6600 6600 8100 6600 6600 6600 5400 5400 4400 5400 6600
study app,6600,6600,-53%,MEDIUM,9900 9900 8100 8100 8100 6600 8100 8100 8100 3600 2900 6600
focus app,5400,3600,-29%,LOW,4400 3600 2400 2900 27100 5400 2900 2900 2900 1900 1900 3600
focus apps,5400,3600,-29%,LOW,4400 3600 2400 2900 27100 5400 2900 2900 2900 1900 1900 3600
study tool,4400,2400,-75%,LOW,5400 6600 8100 5400 3600 4400 4400 4400 4400 1600 1000 2400
brown noise machine,3600,3600,-5%,HIGH,2900 2900 3600 3600 4400 3600 4400 2900 2900 2400 2900 3600
study helper,2900,1900,-67%,LOW,3600 4400 2900 4400 2400 2900 2900 2900 2900 1000 720 1900
pomodoro app,2900,1900,-20%,LOW,3600 2400 2400 1900 3600 3600 2400 4400 3600 2400 2400 1900
adhd app,2400,1900,-36%,MEDIUM,3600 2900 2400 2900 2900 2400 2400 2400 2900 1900 1900 1900
adhd apps,2400,1900,-36%,MEDIUM,3600 2900 2400 2900 2900 2400 2400 2400 2900 1900 1900 1900
adhd helper,1900,1600,-42%,MEDIUM,1900 2400 2400 1900 1600 1300 2400 1600 1300 1000 1300 1600
adhd organizer,1300,1300,-8%,MEDIUM,1300 1300 1300 1300 1600 1000 1300 1300 1300 1000 1300 1300
adhd tool,1000,720,-58%,HIGH,2900 1300 1000 1300 1000 880 1000 880 880 720 720 720
adhd tools,1000,720,-58%,HIGH,2900 1300 1000 1300 1000 880 1000 880 880 720 720 720
body doubling app,880,720,-10%,MEDIUM,1000 880 880 720 880 720 880 880 880 880 880 720
brown noise app,880,320,-87%,MEDIUM,4400 1900 480 480 880 390 390 390 390 260 320 320
focus helper,480,720,+3%,HIGH,590 480 390 320 390 480 480 480 320 390 390 720
background noise generator,480,590,+14%,LOW,480 590 590 320 590 260 320 720 390 720 590 590
adhd to do list,390,390,-10%,HIGH,590 390 320 320 480 260 390 480 390 390 390 390
concentration timer,390,320,-24%,LOW,390 480 390 390 390 480 480 480 390 320 320 320
ambient sound generator,320,590,+564%,LOW,50 170 110 40 90 50 50 390 480 880 720 590
focus tool,210,140,-42%,LOW,260 260 210 260 260 210 210 210 170 170 110 140
focus tools,210,140,-42%,LOW,260 260 210 260 260 210 210 210 170 170 110 140
focus booster,210,320,+44%,HIGH,210 170 170 210 170 110 210 260 140 210 260 320
adhd productivity app,170,110,-14%,MEDIUM,210 140 140 170 170 140 170 170 170 140 170 110
focus buddy,170,110,-61%,LOW,320 260 210 170 210 170 170 170 140 90 110 110
noise generator online,170,210,-30%,LOW,170 320 170 140 210 170 210 170 140 110 140 210
online noise generator,170,210,-30%,LOW,170 320 170 140 210 170 210 170 140 110 140 210
study companion,170,110,-61%,LOW,260 320 170 260 170 140 140 170 110 90 90 110
study timer online,170,140,-33%,LOW,260 170 110 170 110 140 140 170 170 110 110 140
pomodoro extension,170,110,-44%,LOW,260 210 170 170 140 170 170 170 140 140 110 110
focus dashboard,140,320,+0%,LOW,170 170 110 140 110 90 90 90 110 90 40 320
concentration app,140,40,-48%,LOW,110 90 110 90 90 90 70 390 390 70 50 40
adhd reminder app,110,90,+0%,MEDIUM,90 110 110 90 110 90 110 110 110 110 110 90
brown noise website,110,140,+19%,LOW,90 110 110 90 70 90 110 90 90 90 140 140
study assistant,110,90,-35%,LOW,70 90 70 110 140 210 320 140 70 40 20 90
adhd tracker,90,90,+19%,HIGH,70 70 70 90 110 90 110 70 90 70 90 90
focus extension,90,70,-50%,LOW,110 140 90 70 90 90 90 90 90 50 50 70
adhd alarm,70,170,+182%,HIGH,30 40 40 50 70 50 50 110 110 50 90 170
adhd focus app,70,70,-14%,LOW,70 70 70 90 110 90 50 50 70 40 70 70
focus enhancer,70,70,-30%,MEDIUM,70 90 70 90 110 70 70 70 70 40 50 70
brown noise player,70,40,-43%,MEDIUM,50 70 90 70 50 70 90 70 30 30 50 40
study focus app,70,50,-19%,LOW,70 50 40 40 140 50 40 90 50 40 40 50
adhd buddy,50,50,-32%,LOW,50 70 70 50 70 50 50 50 40 40 40 50
noise player,50,50,-25%,LOW,40 50 70 40 50 70 50 90 50 40 30 50
pomodoro tool,50,40,-61%,LOW,50 70 110 50 50 50 50 40 30 20 30 40
adhd helper app,40,30,-47%,MEDIUM,50 50 50 70 50 30 40 30 30 20 30 30
adhd assistant,40,40,-39%,MEDIUM,70 70 40 50 30 40 50 50 40 30 40 40
adhd focus tool,40,50,-17%,HIGH,40 30 50 50 40 40 40 40 30 20 30 50
focus coach,40,20,-57%,MEDIUM,30 70 40 50 20 30 30 20 50 10 30 20
adhd task manager,30,30,-23%,HIGH,40 40 50 30 30 30 10 20 50 30 40 30
adhd coach app,20,20,-38%,HIGH,10 40 30 20 30 30 30 10 20 10 20 20
adhd time tracker,20,20,-17%,HIGH,20 20 20 20 20 10 20 20 20 10 20 20
adhd time management app,20,10,-57%,MEDIUM,20 40 10 20 20 20 10 20 20 10 10 10
adhd dashboard,20,20,+150%,MEDIUM,10 20 10 10 20 10 10 20 30 50 30 20
focus widget,20,30,-25%,LOW,40 20 20 30 20 20 20 20 10 10 20 30
focus machine,20,30,+17%,LOW,30 20 10 20 20 20 40 30 20 20 20 30
attention tool,20,20,+33%,LOW,10 10 10 10 10 20 30 30 10 10 10 20
time blindness app,20,30,+17%,LOW,10 30 20 20 20 20 30 20 40 10 30 30
adhd companion,10,10,+0%,LOW,10 10 10 10 10 10 10 10 10 10 10 10
adhd extension,10,10,-25%,LOW,20 10 10 10 10 10 10 10 10 10 10 10
adhd widget,10,10,-33%,LOW,10 10 10 10 10 10 10 10 10 0 10 10
adhd sound machine,10,10,-25%,HIGH,10 10 20 20 20 10 10 10 10 10 10 10
focus assistant,10,10,-40%,LOW,10 30 10 10 10 10 10 10 10 10 10 10
focus companion,10,20,+33%,LOW,10 10 10 10 10 10 20 20 10 10 10 20
focus station,10,10,+0%,LOW,10 10 10 10 10 10 20 10 10 10 10 10
focus generator,10,10,+67%,LOW,10 10 10 10 10 10 10 10 10 20 20 10
concentration tool,10,10,+0%,LOW,10 10 10 10 10 10 20 20 20 10 10 10
attention trainer,10,10,+0%,LOW,10 10 10 10 10 10 10 10 10 10 10 10
adhd productivity tool,,,,,
adhd study tool,,,,,
adhd focus assistant,,,,,
adhd noise machine,,,,,
adhd white noise machine,,,,,
adhd brown noise app,,,,,
adhd focus generator,,,,,
focus sound generator,,,,,
focus noise generator,,,,,
focus music generator,,,,,
focus sound machine,,,,,
pomodoro helper,,,,,
time blindness tool,,,,,
time awareness app,,,,,
time perception app,,,,,
