kluch,gruppa,obem_us_mes,posledniy_mesyac,kd_labs,konkurenciya_ads,trend_3m_k_3m,mesyacy,s,po
adhd timer,adhd-таймер,1300,1300,1,HIGH,-8%,1000 1300 1300 1600 1300 1300 1300 1600 1300 1000 1000 1300,2025-09,2026-08
timer for adhd,adhd-таймер,1300,1300,0,HIGH,-8%,1000 1300 1300 1600 1300 1300 1300 1600 1300 1000 1000 1300,2025-09,2026-08
pomodoro timer for adhd,adhd-таймер,590,170,9,LOW,+83%,110 140 110 1900 1600 880 720 480 480 320 170 170,2025-09,2026-08
timer for time blindness,adhd-таймер,390,30,,HIGH,-91%,320 260 590 1900 880 590 210 170 110 40 30 30,2025-09,2026-08
adhd timer for adults,adhd-таймер,90,90,0,HIGH,+59%,50 50 70 110 90 90 90 90 70 90 90 90,2025-09,2026-08
adhd timer app,adhd-таймер,70,70,8,LOW,-16%,90 70 90 70 90 90 70 90 70 70 70 70,2025-09,2026-08
adhd pomodoro timer,adhd-таймер,50,40,4,MEDIUM,-8%,40 50 40 50 50 50 40 70 50 30 50 40,2025-09,2026-08
best adhd timer,adhd-таймер,40,20,0,HIGH,-10%,20 40 40 50 40 50 30 40 30 50 20 20,2025-09,2026-08
adhd focus timer,adhd-таймер,40,40,0,HIGH,-9%,30 50 30 30 30 30 30 40 50 30 30 40,2025-09,2026-08
adhd timer online,adhd-таймер,30,20,34,LOW,-54%,40 40 50 30 40 20 20 30 40 20 20 20,2025-09,2026-08
adhd study timer,adhd-таймер,20,10,,LOW,-62%,30 30 20 30 20 20 10 20 10 10 10 10,2025-09,2026-08
adhd work timer,adhd-таймер,20,30,,MEDIUM,+67%,10 10 10 20 10 30 30 20 10 10 10 30,2025-09,2026-08
adhd countdown timer,adhd-таймер,10,20,,HIGH,+33%,10 10 10 10 10 10 10 20 10 10 10 20,2025-09,2026-08
time blindness timer,adhd-таймер,10,10,,HIGH,-25%,10 10 20 10 10 10 10 10 10 10 10 10,2025-09,2026-08
adhd time timer,adhd-таймер,10,10,0,HIGH,+33%,10 10 10 10 10 10 10 10 10 10 20 10,2025-09,2026-08
adhd timer extension,adhd-таймер,,,,,,,,
adhd timer chrome extension,adhd-таймер,,,,,,,,
adhd music,adhd+звук (наш клин),5400,4400,,LOW,-23%,5400 5400 5400 4400 4400 4400 5400 5400 5400 4400 3600 4400,2025-09,2026-08
brown noise for adhd,adhd+звук (наш клин),720,1300,0,LOW,+204%,320 260 320 880 880 880 880 880 720 720 720 1300,2025-09,2026-08
white noise for adhd,adhd+звук (наш клин),590,720,8,LOW,-21%,720 590 590 720 880 590 480 480 480 390 390 720,2025-09,2026-08
brown noise for focus,adhd+звук (наш клин),480,1000,,LOW,+152%,390 320 320 260 320 390 480 390 480 720 880 1000,2025-09,2026-08
brown noise adhd,adhd+звук (наш клин),260,210,,LOW,-38%,260 320 260 260 260 260 260 320 210 170 140 210,2025-09,2026-08
adhd focus sounds,adhd+звук (наш клин),90,70,,MEDIUM,-50%,140 70 90 90 90 90 90 90 70 50 30 70,2025-09,2026-08
adhd background noise,adhd+звук (наш клин),70,70,,LOW,-16%,90 70 90 70 70 90 70 70 50 70 70 70,2025-09,2026-08
noise timer,adhd+звук (наш клин),70,90,,LOW,+11%,70 70 50 50 70 40 50 70 90 70 50 90,2025-09,2026-08
noise for adhd,adhd+звук (наш клин),50,20,,LOW,-65%,90 70 70 50 40 50 70 50 30 40 20 20,2025-09,2026-08
sounds for adhd focus,adhd+звук (наш клин),50,50,,MEDIUM,+27%,50 40 20 40 50 40 40 50 70 50 40 50,2025-09,2026-08
pink noise for adhd,adhd+звук (наш клин),30,30,3,LOW,-57%,30 40 70 30 20 20 30 20 20 10 20 30,2025-09,2026-08
noise for adhd focus,adhd+звук (наш клин),30,20,3,MEDIUM,-45%,40 40 30 40 40 30 10 40 20 20 20 20,2025-09,2026-08
focus sounds for adhd,adhd+звук (наш клин),30,30,,MEDIUM,-27%,50 30 30 30 40 30 40 30 20 30 20 30,2025-09,2026-08
brown noise timer,adhd+звук (наш клин),10,10,,LOW,+0%,10 20 0 10 10 10 10 10 10 10 10 10,2025-09,2026-08
timer with brown noise,adhd+звук (наш клин),10,0,,,новый,0 0 0 0 0 0 10 0 10 10 0 0,2025-09,2026-08
adhd productivity app,adhd+расширение,170,110,,MEDIUM,-14%,210 140 140 170 170 140 170 170 170 140 170 110,2025-09,2026-08
adhd focus app,adhd+расширение,70,70,,LOW,-14%,70 70 70 90 110 90 50 50 70 40 70 70,2025-09,2026-08
adhd focus tool,adhd+расширение,40,50,,HIGH,-17%,40 30 50 50 40 40 40 40 30 20 30 50,2025-09,2026-08
adhd chrome extension,adhd+расширение,20,10,,LOW,-56%,30 40 20 20 20 20 20 20 10 10 20 10,2025-09,2026-08
chrome extension for adhd,adhd+расширение,10,10,,LOW,-40%,10 20 20 10 20 10 10 10 10 10 10 10,2025-09,2026-08
adhd browser extension,adhd+расширение,10,10,,LOW,+0%,10 10 10 20 10 10 10 10 10 10 10 10,2025-09,2026-08
focus app for adhd,adhd+расширение,10,20,,LOW,+0%,10 10 20 10 20 10 10 10 10 10 10 20,2025-09,2026-08
pomodoro timer,наши нынешние двери,90500,90500,,LOW,-37%,135000 110000 90500 90500 90500 110000 90500 90500 90500 60500 60500 90500,2025-09,2026-08
visual timer,наши нынешние двери,22200,22200,,MEDIUM,-40%,33100 22200 22200 18100 18100 18100 22200 27100 22200 12100 12100 22200,2025-09,2026-08
study timer,наши нынешние двери,8100,6600,,LOW,-48%,9900 9900 8100 8100 8100 8100 8100 8100 8100 4400 3600 6600,2025-09,2026-08
focus timer,наши нынешние двери,4400,2900,,LOW,-34%,3600 2900 3600 9900 12100 2900 3600 2900 2400 1900 1900 2900,2025-09,2026-08
aesthetic timer,наши нынешние двери,2900,2900,,LOW,-33%,3600 3600 3600 3600 3600 3600 2900 3600 2900 1900 2400 2900,2025-09,2026-08
simple timer,наши нынешние двери,2900,2900,,LOW,-6%,2900 2900 2900 2900 3600 2900 2900 2900 2900 2400 2900 2900,2025-09,2026-08
visual timer adhd,наши нынешние двери,1900,4400,0,HIGH,+174%,1000 880 1300 2400 2400 2400 2400 2400 1900 1900 2400 4400,2025-09,2026-08
silent timer,наши нынешние двери,1000,1000,,LOW,-42%,1600 1600 1000 1000 1000 1000 1300 1300 1000 720 720 1000,2025-09,2026-08
minimal timer,наши нынешние двери,880,1300,,LOW,+152%,480 480 590 590 590 590 720 720 1000 1300 1300 1300,2025-09,2026-08
minimalist timer,наши нынешние двери,590,880,,LOW,+112%,390 390 390 480 480 480 590 590 720 720 880 880,2025-09,2026-08
calm timer,наши нынешние двери,590,590,,LOW,-53%,1000 880 590 480 590 720 720 720 720 320 260 590,2025-09,2026-08
quiet timer,наши нынешние двери,260,260,,LOW,-49%,320 320 260 210 260 260 320 260 210 110 90 260,2025-09,2026-08
gentle timer,наши нынешние двери,70,90,,LOW,+0%,70 70 70 70 70 110 90 90 70 70 50 90,2025-09,2026-08
deep work timer,наши нынешние двери,70,50,,LOW,-26%,90 90 50 50 140 70 70 70 70 50 70 50,2025-09,2026-08
brown noise,звук (якоря),90500,74000,,LOW,-29%,110000 110000 90500 90500 110000 90500 90500 90500 90500 74000 74000 74000,2025-09,2026-08
white noise generator,звук (якоря),4400,3600,,MEDIUM,-18%,4400 4400 4400 6600 5400 4400 4400 4400 3600 3600 3600 3600,2025-09,2026-08
brown noise no ads,звук (якоря),2900,2900,,LOW,+6%,2900 2900 2400 2400 2900 2400 2900 2900 2900 2900 2900 2900,2025-09,2026-08
brown noise for studying,звук (якоря),1900,2400,,LOW,+4%,1900 1900 1600 1600 1600 1600 1900 1600 1900 1600 1600 2400,2025-09,2026-08
brown noise generator,звук (якоря),1000,880,,LOW,-27%,1000 1300 1300 1300 1300 1000 1000 1000 880 880 880 880,2025-09,2026-08
noise generator,звук (якоря),1000,1000,,LOW,-26%,1300 1300 1300 1300 1300 1000 1300 1300 1000 1000 880 1000,2025-09,2026-08
pink noise generator,звук (якоря),880,720,,LOW,-35%,1000 1000 1300 1300 1000 880 1000 880 880 720 720 720,2025-09,2026-08
focus sounds,звук (якоря),720,480,,LOW,-38%,720 720 720 590 720 720 880 720 590 480 390 480,2025-09,2026-08
noise canceling headphones for adhd,подсказка Labs,2400,3600,0,MEDIUM,+62%,1300 1000 1900 3600 3600 3600 3600 3600 2400 1300 1900 3600,2025-09,2026-08
noise cancelling headphones for adhd,подсказка Labs,2400,3600,0,MEDIUM,+62%,1300 1000 1900 3600 3600 3600 3600 3600 2400 1300 1900 3600,2025-09,2026-08
noise-canceling headphones for adhd,подсказка Labs,2400,3600,0,MEDIUM,+62%,1300 1000 1900 3600 3600 3600 3600 3600 2400 1300 1900 3600,2025-09,2026-08
adhd visual timer,подсказка Labs,1900,4400,13,HIGH,+174%,1000 880 1300 2400 2400 2400 2400 2400 1900 1900 2400 4400,2025-09,2026-08
visual timer for adhd,подсказка Labs,1900,4400,13,HIGH,+174%,1000 880 1300 2400 2400 2400 2400 2400 1900 1900 2400 4400,2025-09,2026-08
time timer for adhd,подсказка Labs,1300,3600,0,MEDIUM,+306%,1600 210 260 720 1000 1000 720 1300 1900 2400 2400 3600,2025-09,2026-08
timer adhd,подсказка Labs,1300,1300,1,HIGH,-8%,1000 1300 1300 1600 1300 1300 1300 1600 1300 1000 1000 1300,2025-09,2026-08
brown noise machine for adhd,подсказка Labs,170,10,0,LOW,-91%,170 90 210 320 210 390 390 210 90 10 20 10,2025-09,2026-08
brown noise for adhd sleep,подсказка Labs,170,210,3,LOW,+688%,20 30 30 50 110 110 480 210 170 210 210 210,2025-09,2026-08
brown noise for adhd focus,подсказка Labs,110,210,11,LOW,+436%,40 20 50 90 70 110 140 140 170 210 170 210,2025-09,2026-08
best noise for adhd sleep,подсказка Labs,110,70,7,LOW,-60%,210 170 90 110 110 90 90 90 70 70 50 70,2025-09,2026-08
