igrok,kluch,obem,poziciya,stranica
brain.fm,how to fall asleep faster,74000,59,https://www.brain.fm/blog/how-to-fall-asleep-fast
brain.fm,how to to fall asleep fast,74000,53,https://www.brain.fm/blog/how-to-fall-asleep-fast
brain.fm,what frequency,22200,65,https://www.brain.fm/blog/binaural_beats_or_solfeggio_frequencies_which_works_best_for_you
brain.fm,headspace meditation app,18100,70,https://www.brain.fm/
brain.fm,brain f m,14800,1,https://www.brain.fm/
brain.fm,brain fm,14800,1,https://www.brain.fm/
brain.fm,how to go to sleep faster,14800,82,https://www.brain.fm/blog/how-to-fall-asleep-fast
brain.fm,brain waves,12100,31,https://www.brain.fm/blog/brainwaves-explained
brain.fm,brainwaves,12100,8,https://www.brain.fm/fr/blog/what_are_brainwaves_the_science_behind_focus_and_relaxation
brain.fm,brainz music,12100,17,https://www.brain.fm/
brain.fm,delta wave,9900,30,https://www.brain.fm/blog/delta_brainwave_frequency_key_to_restorative_sleep
brain.fm,binaural,8100,18,https://www.brain.fm/blog/what_are_binaural_beats_benefits_frequencies_and_dos_donts
brain.fm,binaurals,8100,13,https://www.brain.fm/blog/what_are_binaural_beats_benefits_frequencies_and_dos_donts
brain.fm,alpha waves,6600,20,https://www.brain.fm/blog/alpha_brainwaves_unlocking_the_science_of_relaxation
brain.fm,gamma brainwave,6600,4,https://www.brain.fm/blog/gamma_brainwaves_key_to_peak_mental_performance
brain.fm,adhd music,5400,3,https://www.brain.fm/adhd
brain.fm,binaural beats and meditation,5400,11,https://www.brain.fm/blog/are_binaural_beats_good_for_meditation_bridging_ancient_practic_and_modern_science
brain.fm,gamma waves,5400,8,https://www.brain.fm/blog/gamma_brainwaves_key_to_peak_mental_performance
brain.fm,how to make yourself fall asleep,5400,61,https://www.brain.fm/blog/how-to-fall-asleep-fast
brain.fm,meditation and binaural beats,5400,10,https://www.brain.fm/blog/are_binaural_beats_good_for_meditation_bridging_ancient_practic_and_modern_science
brain.fm,music adhd,5400,4,https://www.brain.fm/adhd
brain.fm,music and adhd,5400,5,https://www.brain.fm/adhd
brain.fm,ways to fall asleep fast,5400,40,https://www.brain.fm/blog/how-to-fall-asleep-fast
brain.fm,ways to fall asleep faster,5400,57,https://www.brain.fm/blog/how-to-fall-asleep-fast
brain.fm,binaural beats for anxiety,3600,9,https://www.brain.fm/blog/can_binaural_beats_really_help_calm_anxiety_and_panic_attacks
brain.fm,brainf,3600,2,https://www.brain.fm/
brain.fm,delta waves in sleep,3600,36,https://www.brain.fm/blog/delta_brainwave_frequency_key_to_restorative_sleep
brain.fm,how to get to sleep fast,3600,54,https://www.brain.fm/blog/how-to-fall-asleep-fast
brain.fm,adhd focus music,2900,3,https://www.brain.fm/adhd
brain.fm,beta brain waves,2900,4,https://www.brain.fm/blog/beta_brainwaves_the_ultimate_focus_boost_for_your_mind
brain.fm,beta waves,2900,6,https://www.brain.fm/blog/beta_brainwaves_the_ultimate_focus_boost_for_your_mind
brain.fm,binaural meaning,2900,14,https://www.brain.fm/blog/what_are_binaural_beats_benefits_frequencies_and_dos_donts
brain.fm,music and concentration,2900,24,https://www.brain.fm/blog/what_music_helps_you_focus_unlock_your_productivity
brain.fm,music and sleep,2900,16,https://www.brain.fm/blog/sleep-music-what-works-and-why
brain.fm,waves beta,2900,7,https://www.brain.fm/blog/beta_brainwaves_the_ultimate_focus_boost_for_your_mind
brain.fm,40hz,2400,20,https://www.brain.fm/blog/40-hz-gamma-frequency-music
brain.fm,adhd time blind,2400,33,https://www.brain.fm/blog/adhd-time-blindness-planning-tools-time-management
brain.fm,adhd time blindness,2400,43,https://www.brain.fm/blog/adhd-time-blindness-planning-tools-time-management
brain.fm,brain music,2400,2,https://www.brain.fm/
brain.fm,how does music affect the brain,2400,43,https://www.brain.fm/blog/how-does-music-affect-the-brain
brain.fm,how does the music affect the brain,2400,52,https://www.brain.fm/blog/how-does-music-affect-the-brain
brain.fm,music and the brain,2400,83,https://www.brain.fm/blog/how-does-music-affect-the-brain
brain.fm,music timer,2400,19,https://www.brain.fm/
brain.fm,alpha brain waves,1900,22,https://www.brain.fm/blog/alpha_brainwaves_unlocking_the_science_of_relaxation
brain.fm,binaural beats what are,1900,13,https://www.brain.fm/blog/what_are_binaural_beats_benefits_frequencies_and_dos_donts
brain.fm,brainwave alpha,1900,16,https://www.brain.fm/blog/alpha_brainwaves_unlocking_the_science_of_relaxation
brain.fm,does music help to study,1900,43,https://www.brain.fm/blog/best-music-for-studying
brain.fm,does studying with music help,1900,51,https://www.brain.fm/blog/best-music-for-studying-complete-guide
brain.fm,music that can help you study,1900,19,https://www.brain.fm/blog/best-music-for-studying-complete-guide
brain.fm,this is your brain on music,1900,42,https://www.brain.fm/
brain.fm,time blind adhd,1900,35,https://www.brain.fm/blog/adhd-time-blindness-planning-tools-time-management
brain.fm,time blindness adhd,1900,46,https://www.brain.fm/blog/adhd-time-blindness-planning-tools-time-management
brain.fm,ways to fall asleep,1900,48,https://www.brain.fm/blog/how-to-fall-asleep-fast
brain.fm,what are binaural beats,1900,24,https://www.brain.fm/blog/what_are_binaural_beats_benefits_frequencies_and_dos_donts
brain.fm,what is a binaural beat,1900,12,https://www.brain.fm/blog/what_are_binaural_beats_benefits_frequencies_and_dos_donts
brain.fm,what is binaural beats,1900,11,https://www.brain.fm/blog/what_are_binaural_beats_benefits_frequencies_and_dos_donts
brain.fm,adhd study habits,1600,70,https://www.brain.fm/blog/how-to-study-with-adhd
brain.fm,best music for studying,1600,5,https://www.brain.fm/blog/best-music-for-studying-complete-guide
brain.fm,best ways to fall asleep faster,1600,77,https://www.brain.fm/blog/how-to-fall-asleep-fast
brain.fm,binaural beats for studying,1600,10,https://www.brain.fm/blog/binaural-beats-for-studying
brain.fm,binaural beats study,1600,13,https://www.brain.fm/blog/binaural-beats-for-studying
brain.fm,brainpop careers,1600,44,https://www.brain.fm/jobs
brain.fm,brainwaves gamma,1600,4,https://www.brain.fm/blog/gamma_brainwaves_key_to_peak_mental_performance
brain.fm,fast way to fall asleep,1600,53,https://www.brain.fm/blog/how-to-fall-asleep-fast
brain.fm,gamma brain waves,1600,4,https://www.brain.fm/blog/gamma_brainwaves_key_to_peak_mental_performance
brain.fm,good study music,1600,10,https://www.brain.fm/blog/best-music-for-studying-complete-guide
brain.fm,great music for studying,1600,5,https://www.brain.fm/blog/best-music-for-studying-complete-guide
brain.fm,how to make yourself fall asleep fast,1600,74,https://www.brain.fm/blog/how-to-fall-asleep-fast
brain.fm,isochronic sound,1600,4,https://www.brain.fm/blog/isochronic_tones_vs_binaural_beats_which_is_better_for_your_mind
brain.fm,isochronic tones,1600,11,https://www.brain.fm/blog/what_are_isochronic_tones_used_for_a_brainwave_boosting_guide
brain.fm,my brain,1600,1,https://my.brain.fm/
brain.fm,adhd time,1300,52,https://www.brain.fm/blog/adhd-time-blindness-planning-tools-time-management
brain.fm,alpha wave music,1300,12,https://www.brain.fm/
brain.fm,best way to fall asleep faster,1300,89,https://www.brain.fm/blog/how-to-fall-asleep-fast
brain.fm,brain.fm review,1300,3,https://www.brain.fm/
brain.fm,effect music has on the brain,1300,51,https://www.brain.fm/blog/how-does-music-affect-the-brain
brain.fm,fastest way to go to sleep,1300,48,https://www.brain.fm/blog/how-to-fall-asleep-fast
brain.fm,freemason levels,1300,52,https://www.brain.fm/
brain.fm,meaning of focus in science,1300,77,https://www.brain.fm/blog/science_of_focus_7_habits_backed_by_research
brain.fm,music affects the brain,1300,41,https://www.brain.fm/blog/how-does-music-affect-the-brain
brain.fm,music and effects on the brain,1300,51,https://www.brain.fm/blog/how-does-music-affect-the-brain
brain.fm,music effects on the brain,1300,58,https://www.brain.fm/blog/how-does-music-affect-the-brain
brain.fm,music impacts the brain,1300,47,https://www.brain.fm/blog/how-does-music-affect-the-brain
brain.fm,music's effect on the brain,1300,53,https://www.brain.fm/blog/how-does-music-affect-the-brain
brain.fm,the effects of music on the brain,1300,52,https://www.brain.fm/blog/how-does-music-affect-the-brain
brain.fm,ways to go sleep fast,1300,54,https://www.brain.fm/blog/how-to-fall-asleep-fast
brain.fm,40 hz sound,1000,7,https://www.brain.fm/blog/40-hz-gamma-frequency-music
brain.fm,binaural beats danger,1000,3,https://www.brain.fm/blog/can_binaural_beats_damage_your_brain_separating_facts_from_fears
brain.fm,brain frequencies,1000,26,https://www.brain.fm/blog/brainwaves-explained
brain.fm,brainwave frequencies,1000,24,https://www.brain.fm/blog/brainwaves-explained
brain.fm,dangers of binaural beats,1000,2,https://www.brain.fm/blog/can_binaural_beats_damage_your_brain_separating_facts_from_fears
brain.fm,does listening music help you study,1000,45,https://www.brain.fm/blog/best-music-for-studying
brain.fm,how music affects the brain,1000,47,https://www.brain.fm/blog/how-does-music-affect-the-brain
brain.fm,siriusxm com activate tv enter code,1000,45,https://www.brain.fm/
brain.fm,40 hertz frequency,880,8,https://www.brain.fm/blog/40-hz-gamma-frequency-music
brain.fm,binaural beats frequencies,880,13,https://www.brain.fm/blog/binaural_beats_or_solfeggio_frequencies_which_works_best_for_you
brain.fm,binaural frequencies,880,13,https://www.brain.fm/blog/what_are_binaural_beats_benefits_frequencies_and_dos_donts
brain.fm,brainwaves delta,880,13,https://www.brain.fm/blog/delta_brainwave_frequency_key_to_restorative_sleep
brain.fm,can music help you focus,880,15,https://www.brain.fm/blog/what_music_helps_you_focus_unlock_your_productivity
brain.fm,delta brain waves,880,12,https://www.brain.fm/blog/delta_brainwave_frequency_key_to_restorative_sleep
brain.fm,delta brainwave,880,9,https://www.brain.fm/blog/delta_brainwave_frequency_key_to_restorative_sleep
brain.fm,do binaural beats work,880,30,https://www.brain.fm/blog/what_are_binaural_beats_benefits_frequencies_and_dos_donts
brain.fm,does binaural beats work,880,31,https://www.brain.fm/blog/what_are_binaural_beats_benefits_frequencies_and_dos_donts
brain.fm,does music help focus,880,17,https://www.brain.fm/blog/what_music_helps_you_focus_unlock_your_productivity
brain.fm,does music help you focus,880,14,https://www.brain.fm/blog/what_music_helps_you_focus_unlock_your_productivity
brain.fm,frequencies binaural beats,880,5,https://www.brain.fm/blog/binaural_beats_or_solfeggio_frequencies_which_works_best_for_you
brain.fm,gamma waves 40 hz,880,6,https://www.brain.fm/blog/40-hz-gamma-frequency-music
brain.fm,how to easily fall asleep,880,47,https://www.brain.fm/blog/how-to-fall-asleep-fast
brain.fm,misophonia adhd,880,43,https://www.brain.fm/blog/adhd-sound-sensitivity-spectrum-what-you-should-know
brain.fm,misophonia and adhd,880,39,https://www.brain.fm/blog/adhd-sound-sensitivity-spectrum-what-you-should-know
brain.fm,monaural,880,22,https://www.brain.fm/blog/binaural-beats-vs-monaural-beats-vs-isochronic-tones
brain.fm,music can help you focus,880,11,https://www.brain.fm/blog/what_music_helps_you_focus_unlock_your_productivity
brain.fm,adhd music therapy,720,20,https://www.brain.fm/adhd
brain.fm,adhd study music,720,4,https://www.brain.fm/adhd
brain.fm,binaural beats for sleep and anxiety,720,27,https://www.brain.fm/blog/can_binaural_beats_really_help_calm_anxiety_and_panic_attacks
brain.fm,blog my brain,720,6,https://my.brain.fm/
brain.fm,brain wave frequencies,720,35,https://www.brain.fm/blog/brainwaves-explained
brain.fm,brainwave types,720,24,https://www.brain.fm/blog/brainwaves-explained
brain.fm,frequency of brainwaves,720,7,https://www.brain.fm/blog/brainwaves-explained
brain.fm,switch tasks,720,14,https://www.brain.fm/blog/2-minute-transition-ritual-task-switching-focus
brain.fm,switching task,720,26,https://www.brain.fm/blog/2-minute-transition-ritual-task-switching-focus
brain.fm,switching tasks,720,10,https://www.brain.fm/blog/2-minute-transition-ritual-task-switching-focus
brain.fm,task switch,720,11,https://www.brain.fm/blog/2-minute-transition-ritual-task-switching-focus
brain.fm,types of brain waves,720,12,https://www.brain.fm/blog/brainwaves-explained
brain.fm,ways to get to sleep,720,92,https://www.brain.fm/blog/how-to-fall-asleep-fast
brain.fm,what are alpha brain waves,720,25,https://www.brain.fm/blog/alpha_brainwaves_unlocking_the_science_of_relaxation
brain.fm,what are alpha waves,720,25,https://www.brain.fm/blog/alpha_brainwaves_unlocking_the_science_of_relaxation
brain.fm,what are alpha waves in the brain,720,23,https://www.brain.fm/blog/alpha_brainwaves_unlocking_the_science_of_relaxation
brain.fm,what are brain waves,720,19,https://www.brain.fm/blog/brainwaves-explained
brain.fm,what does music do to the brain,720,55,https://www.brain.fm/blog/how-does-music-affect-the-brain
brain.fm,what is a brainwave,720,30,https://www.brain.fm/blog/brainwaves-explained
brain.fm,what is alpha wave,720,26,https://www.brain.fm/blog/alpha_brainwaves_unlocking_the_science_of_relaxation
brain.fm,what is alpha waves,720,32,https://www.brain.fm/blog/alpha_brainwaves_unlocking_the_science_of_relaxation
brain.fm,what is alpha waves in the brain,720,25,https://www.brain.fm/blog/alpha_brainwaves_unlocking_the_science_of_relaxation
brain.fm,what music does for the brain,720,23,https://www.brain.fm/blog/what-music-does-to-your-brain
brain.fm,1-3-5 rule,590,90,https://www.brain.fm/blog/3-task-productivity-rule-mastering-focus
brain.fm,adhd and noise sensitivity,590,12,https://www.brain.fm/blog/adhd-sound-sensitivity-spectrum-what-you-should-know
brain.fm,adhd focus,590,11,https://www.brain.fm/adhd
brain.fm,adhd noise sensitivity,590,10,https://www.brain.fm/blog/adhd-sound-sensitivity-spectrum-what-you-should-know
brain.fm,alpha brain wave frequency,590,7,https://www.brain.fm/blog/alpha_brainwaves_unlocking_the_science_of_relaxation
brain.fm,alpha brainwave frequencies,590,12,https://www.brain.fm/blog/alpha_brainwaves_unlocking_the_science_of_relaxation
brain.fm,alpha brainwave frequency,590,5,https://www.brain.fm/blog/alpha_brainwaves_unlocking_the_science_of_relaxation
brain.fm,alpha waves frequency,590,4,https://www.brain.fm/blog/alpha_brainwaves_unlocking_the_science_of_relaxation
brain.fm,best music to listen to while studying,590,9,https://www.brain.fm/blog/best-music-for-studying-complete-guide
brain.fm,binaural beats benefits,590,19,https://www.brain.fm/blog/what_are_binaural_beats_benefits_frequencies_and_dos_donts
brain.fm,brain fm log in,590,1,https://my.brain.fm/signin
brain.fm,brain fm reddit,590,10,https://www.brain.fm/
brain.fm,brain.fm login,590,1,https://my.brain.fm/signin
brain.fm,brain.fm reddit,590,9,https://www.brain.fm/
brain.fm,brainmd login,590,8,https://my.brain.fm/signin
brain.fm,brown noise for adhd,590,7,https://www.brain.fm/blog/brown-noise-adhd-white-noise-pink-noise-focus
brain.fm,can music help you sleep,590,11,https://www.brain.fm/blog/sleep-music-what-works-and-why
brain.fm,does music help you sleep,590,14,https://www.brain.fm/blog/sleep-music-what-works-and-why
brain.fm,easy ways to fall asleep,590,80,https://www.brain.fm/blog/how-to-fall-asleep-fast
brain.fm,focus frequency,590,7,https://www.brain.fm/blog/discover_the_best_frequency_hz_for_focus_and_productivity
brain.fm,good music to listen to while studying,590,21,https://www.brain.fm/blog/best-music-for-studying-complete-guide
brain.fm,how to do the 1x1x1x1 ritual,590,55,https://www.brain.fm/blog/how_to_build_morning_ritual_fuels_focus_all_day
brain.fm,meditation and productivity,590,62,https://www.brain.fm/
brain.fm,music for physics,590,21,https://www.brain.fm/blog/best-music-for-studying-complete-guide
brain.fm,what are delta waves,590,26,https://www.brain.fm/blog/delta_brainwave_frequency_key_to_restorative_sleep
brain.fm,what is gamma waves,590,3,https://www.brain.fm/blog/gamma_brainwaves_key_to_peak_mental_performance
brain.fm,what is good study music,590,7,https://www.brain.fm/blog/best-music-for-studying-complete-guide
brain.fm,what music is best for studying,590,5,https://www.brain.fm/blog/best-music-for-studying-complete-guide
brain.fm,white noise for adhd,590,13,https://www.brain.fm/blog/brown-noise-adhd-white-noise-pink-noise-focus
brain.fm,best frequency,480,6,https://www.brain.fm/blog/binaural_beats_or_solfeggio_frequencies_which_works_best_for_you
brain.fm,best music to study to,480,6,https://www.brain.fm/blog/best-music-for-studying-complete-guide
brain.fm,brain fm login,480,1,https://my.brain.fm/signin
brain.fm,brain focus,480,1,https://www.brain.fm/
brain.fm,brainpop jobs,480,44,https://www.brain.fm/jobs
brain.fm,can listening to music help you sleep,480,14,https://www.brain.fm/blog/sleep-music-what-works-and-why
brain.fm,classical music adhd,480,16,https://www.brain.fm/blog/does-music-help-adhd-research-guide
brain.fm,classical music and adhd,480,16,https://www.brain.fm/blog/does-music-help-adhd-research-guide
brain.fm,delta wave frequency,480,4,https://www.brain.fm/blog/delta_brainwave_frequency_key_to_restorative_sleep
brain.fm,does brain fm work,480,3,https://www.brain.fm/
brain.fm,does brain.fm work,480,2,https://www.brain.fm/blog/brain-fm-review
brain.fm,does listening to music help you sleep,480,18,https://www.brain.fm/blog/sleep-music-what-works-and-why
brain.fm,for studying,480,5,https://www.brain.fm/blog/best-music-for-studying-complete-guide
brain.fm,gamma bands,480,25,https://www.brain.fm/blog/gamma_brainwaves_key_to_peak_mental_performance
brain.fm,gamma frequencies,480,5,https://www.brain.fm/blog/gamma_brainwaves_key_to_peak_mental_performance
brain.fm,gamma frequency,480,5,https://www.brain.fm/blog/gamma_brainwaves_key_to_peak_mental_performance
brain.fm,gamma waves frequency,480,5,https://www.brain.fm/blog/gamma_brainwaves_key_to_peak_mental_performance
brain.fm,how to do 1x1x1x1 ritual,480,58,https://www.brain.fm/blog/how_to_build_morning_ritual_fuels_focus_all_day
brain.fm,how to make a person fall asleep,480,37,https://www.brain.fm/blog/how-to-fall-asleep-fast
brain.fm,i can't focus on anything,480,40,https://www.brain.fm/blog/why_you_cant_focus_anymore
brain.fm,jobs at brainpop,480,53,https://www.brain.fm/jobs
brain.fm,music ai app,480,66,https://www.brain.fm/
brain.fm,what are gamma waves,480,7,https://www.brain.fm/blog/gamma_brainwaves_key_to_peak_mental_performance
brain.fm,what is a gamma wave,480,8,https://www.brain.fm/blog/gamma_brainwaves_key_to_peak_mental_performance
brain.fm,what is the fastest way to fall asleep,480,52,https://www.brain.fm/blog/how-to-fall-asleep-fast
brain.fm,what will make you fall asleep fast,480,53,https://www.brain.fm/blog/how-to-fall-asleep-fast
brain.fm,adhd and tinnitus,390,38,https://www.brain.fm/blog/adhd-sound-sensitivity-spectrum-what-you-should-know
brain.fm,adhd calm music,390,8,https://www.brain.fm/adhd
brain.fm,adhd concentration music,390,2,https://www.brain.fm/adhd
brain.fm,adhd ringing ears,390,21,https://www.brain.fm/blog/adhd-sound-sensitivity-spectrum-what-you-should-know
brain.fm,adhd sound,390,2,https://www.brain.fm/adhd
brain.fm,adhd sounds,390,2,https://www.brain.fm/adhd
brain.fm,binaural beats 5.8 hz benefits,390,64,https://www.brain.fm/blog/binaural_beats_or_solfeggio_frequencies_which_works_best_for_you
brain.fm,brain application,390,11,https://www.brain.fm/
brain.fm,brain fm cost,390,1,https://www.brain.fm/pricing
brain.fm,brain mobile,390,11,https://www.brain.fm/
endel.io,headspace meditation app,18100,96,https://endel.io/
endel.io,adhd and natural remedies,5400,18,https://endel.io/blog/10-natural-remedies-for-adhd-without-medication
endel.io,eel app,5400,12,https://endel.io/
endel.io,endel,5400,1,https://endel.io/
endel.io,how do you block apps on an iphone,5400,12,https://endel.io/blog/how-to-temporarily-block-apps-on-iphone
endel.io,how to block apps on iphone,5400,28,https://endel.io/blog/how-to-temporarily-block-apps-on-iphone
endel.io,natural solutions to add,5400,17,https://endel.io/blog/10-natural-remedies-for-adhd-without-medication
endel.io,app that locks apps iphone,2900,38,https://endel.io/blog/how-to-temporarily-block-apps-on-iphone
endel.io,app block iphone,2400,24,https://endel.io/blog/how-to-temporarily-block-apps-on-iphone
endel.io,app blocker iphone,2400,17,https://endel.io/blog/how-to-temporarily-block-apps-on-iphone
endel.io,app to block apps iphone,2400,20,https://endel.io/blog/how-to-temporarily-block-apps-on-iphone
endel.io,apps to block apps on iphone,2400,19,https://endel.io/blog/how-to-temporarily-block-apps-on-iphone
endel.io,block apps on iphone,2400,16,https://endel.io/blog/how-to-temporarily-block-apps-on-iphone
endel.io,iphone app to block apps,2400,14,https://endel.io/blog/how-to-temporarily-block-apps-on-iphone
endel.io,while sleeping,2400,11,https://endel.io/blog/why-we-toss-and-turn-while-sleeping-and-how-to-stop
endel.io,alexa app pc,1900,56,https://endel.io/
endel.io,how to block an app,1900,26,https://endel.io/blog/how-to-temporarily-block-apps-on-iphone
endel.io,indel,1600,30,https://endel.io/
endel.io,tossing and turning at night,1600,10,https://endel.io/blog/why-we-toss-and-turn-while-sleeping-and-how-to-stop
endel.io,andel,1300,36,https://endel.io/
endel.io,endel app,1300,1,https://endel.io/
endel.io,natural adhd remedy for adults,1000,33,https://endel.io/blog/10-natural-remedies-for-adhd-without-medication
endel.io,natural remedies for adhd adults,1000,20,https://endel.io/blog/10-natural-remedies-for-adhd-without-medication
endel.io,why do i toss and turn all night,1000,14,https://endel.io/blog/why-we-toss-and-turn-while-sleeping-and-how-to-stop
endel.io,bed that moves up and down,880,89,https://endel.io/blog/why-we-toss-and-turn-while-sleeping-and-how-to-stop
endel.io,can you block apps on iphone,880,30,https://endel.io/blog/how-to-temporarily-block-apps-on-iphone
endel.io,how to block app from being downloaded on iphone,880,33,https://endel.io/blog/how-to-temporarily-block-apps-on-iphone
endel.io,how to restrict app on iphone,880,5,https://endel.io/blog/how-to-temporarily-block-apps-on-iphone
endel.io,how to restrict apps on iphone,880,17,https://endel.io/blog/how-to-temporarily-block-apps-on-iphone
endel.io,when sleeping,880,12,https://endel.io/blog/why-we-toss-and-turn-while-sleeping-and-how-to-stop
endel.io,white noise online,880,34,https://endel.io/
endel.io,without paddle soundtrack,880,60,https://endel.io/
endel.io,how to help add without medication,720,58,https://endel.io/blog/10-natural-remedies-for-adhd-without-medication
endel.io,endal,590,21,https://endel.io/
endel.io,endel app review,590,8,https://endel.io/
endel.io,endel sound,590,1,https://endel.io/
endel.io,how to block app on ipad,590,31,https://endel.io/blog/how-to-temporarily-block-apps-on-iphone
endel.io,how to block apps on ipad,590,32,https://endel.io/blog/how-to-temporarily-block-apps-on-iphone
endel.io,how to block certain apps from being downloaded on iphone,590,32,https://endel.io/blog/how-to-temporarily-block-apps-on-iphone
endel.io,how to stop moving in your sleep,590,4,https://endel.io/blog/why-we-toss-and-turn-while-sleeping-and-how-to-stop
endel.io,indole meaning,590,83,https://endel.io/
endel.io,natural ways to help add,590,22,https://endel.io/blog/10-natural-remedies-for-adhd-without-medication
endel.io,natural ways to help adhd,590,20,https://endel.io/blog/10-natural-remedies-for-adhd-without-medication
endel.io,what does white noise do,590,11,https://endel.io/blog/white-noise-the-key-to-relaxation
endel.io,white noise machine for anxiety,590,65,https://endel.io/blog/white-noise-the-key-to-relaxation
endel.io,endl,480,32,https://payment.endel.io/
endel.io,how to ban apps on iphone,480,26,https://endel.io/blog/how-to-temporarily-block-apps-on-iphone
endel.io,how to block apps on app store,480,32,https://endel.io/blog/how-to-temporarily-block-apps-on-iphone
endel.io,toss and turn,480,9,https://endel.io/blog/why-we-toss-and-turn-while-sleeping-and-how-to-stop
endel.io,how do you disable apps on iphone,390,8,https://endel.io/blog/how-to-temporarily-block-apps-on-iphone
endel.io,how to block certain apps on iphone,390,23,https://endel.io/blog/how-to-temporarily-block-apps-on-iphone
endel.io,how to disable an app on iphone,390,11,https://endel.io/blog/how-to-temporarily-block-apps-on-iphone
endel.io,how to disable apps in iphone,390,10,https://endel.io/blog/how-to-temporarily-block-apps-on-iphone
endel.io,how to disable apps on iphone,390,11,https://endel.io/blog/how-to-temporarily-block-apps-on-iphone
endel.io,how to stop tossing and turning at night,390,6,https://endel.io/blog/why-we-toss-and-turn-while-sleeping-and-how-to-stop
endel.io,how to treat adhd naturally,390,24,https://endel.io/blog/10-natural-remedies-for-adhd-without-medication
endel.io,leaving records,390,16,https://endel.io/blog/leaving-records
endel.io,toss and turn all night,390,11,https://endel.io/blog/why-we-toss-and-turn-while-sleeping-and-how-to-stop
endel.io,endel subscription,320,1,https://endel.io/
endel.io,tossing and turning all night,320,11,https://endel.io/blog/why-we-toss-and-turn-while-sleeping-and-how-to-stop
endel.io,white noise effects on brain,320,69,https://endel.io/blog/white-noise-the-key-to-relaxation
endel.io,white noise for anxiety,320,8,https://endel.io/blog/white-noise-the-key-to-relaxation
endel.io,adhd sound app,260,1,https://endel.io/adhd
endel.io,adhd sounds app,260,1,https://endel.io/adhd
endel.io,endel review,260,6,https://endel.io/
endel.io,endel reviews,260,8,https://endel.io/
endel.io,how to ban an app on iphone,260,25,https://endel.io/blog/how-to-temporarily-block-apps-on-iphone
endel.io,how to less sleep,260,37,https://endel.io/blog/why-we-toss-and-turn-while-sleeping-and-how-to-stop
endel.io,how to reduce tossing and turning while sleeping,260,3,https://endel.io/blog/why-we-toss-and-turn-while-sleeping-and-how-to-stop
endel.io,how to stop sleeping on your side,260,54,https://endel.io/blog/why-we-toss-and-turn-while-sleeping-and-how-to-stop
endel.io,moving in sleep,260,32,https://endel.io/blog/why-we-toss-and-turn-while-sleeping-and-how-to-stop
endel.io,moving in your sleep,260,16,https://endel.io/blog/why-we-toss-and-turn-while-sleeping-and-how-to-stop
endel.io,moving while sleeping,260,33,https://endel.io/blog/why-we-toss-and-turn-while-sleeping-and-how-to-stop
endel.io,natural ways to manage adhd,260,15,https://endel.io/blog/10-natural-remedies-for-adhd-without-medication
endel.io,screen time block apps,260,12,https://endel.io/blog/how-to-temporarily-block-apps-on-iphone
endel.io,stop sleep,260,17,https://endel.io/blog/why-we-toss-and-turn-while-sleeping-and-how-to-stop
endel.io,how to block an app permanently on iphone,210,23,https://endel.io/blog/how-to-temporarily-block-apps-on-iphone
endel.io,how to not move in your sleep,210,2,https://endel.io/blog/why-we-toss-and-turn-while-sleeping-and-how-to-stop
endel.io,how to not move while sleeping,210,1,https://endel.io/blog/why-we-toss-and-turn-while-sleeping-and-how-to-stop
endel.io,how to stop sleeping,210,11,https://endel.io/blog/why-we-toss-and-turn-while-sleeping-and-how-to-stop
endel.io,is there a way to block apps on iphone,210,22,https://endel.io/blog/how-to-temporarily-block-apps-on-iphone
endel.io,pleasant sound,210,18,https://endel.io/blog/the-science-behind-relaxing-sounds
endel.io,toss and turn sleep,210,10,https://endel.io/blog/why-we-toss-and-turn-while-sleeping-and-how-to-stop
endel.io,tossing and turning in sleep,210,10,https://endel.io/blog/why-we-toss-and-turn-while-sleeping-and-how-to-stop
endel.io,tossing and turning meaning,210,40,https://endel.io/blog/why-we-toss-and-turn-while-sleeping-and-how-to-stop
endel.io,tossing and turning sleep,210,21,https://endel.io/blog/why-we-toss-and-turn-while-sleeping-and-how-to-stop
endel.io,what is endel,210,1,https://endel.io/
endel.io,why do i move a lot in my sleep,210,23,https://endel.io/blog/why-we-toss-and-turn-while-sleeping-and-how-to-stop
endel.io,why do i move around so much in my sleep,210,13,https://endel.io/blog/why-we-toss-and-turn-while-sleeping-and-how-to-stop
endel.io,why do i toss and turn in my sleep,210,10,https://endel.io/blog/why-we-toss-and-turn-while-sleeping-and-how-to-stop
endel.io,why do people move in their sleep,210,28,https://endel.io/blog/why-we-toss-and-turn-while-sleeping-and-how-to-stop
endel.io,can i block apps on iphone,170,23,https://endel.io/blog/how-to-temporarily-block-apps-on-iphone
endel.io,endele,170,78,https://payment.endel.io/
endel.io,endellion,170,54,https://app.endel.io/
endel.io,endelsound,170,1,https://endel.io/
endel.io,i toss and turn all night,170,12,https://endel.io/blog/why-we-toss-and-turn-while-sleeping-and-how-to-stop
endel.io,innie app,170,16,https://endel.io/
endel.io,natural add help,170,22,https://endel.io/blog/10-natural-remedies-for-adhd-without-medication
endel.io,natural remedies for focus,170,11,https://endel.io/blog/10-natural-remedies-for-adhd-without-medication
endel.io,what is endel app,170,1,https://endel.io/
endel.io,why do i keep tossing and turning at night,170,17,https://endel.io/blog/why-we-toss-and-turn-while-sleeping-and-how-to-stop
endel.io,add home remedy,140,19,https://endel.io/blog/10-natural-remedies-for-adhd-without-medication
endel.io,adhd remedies at home,140,18,https://endel.io/blog/10-natural-remedies-for-adhd-without-medication
endel.io,all natural treatment for adhd,140,21,https://endel.io/blog/10-natural-remedies-for-adhd-without-medication
endel.io,app blocker on iphone,140,19,https://endel.io/blog/how-to-temporarily-block-apps-on-iphone
endel.io,app that blocks apps on iphone,140,19,https://endel.io/blog/how-to-temporarily-block-apps-on-iphone
endel.io,at night i can't sleep i toss and turn,140,19,https://endel.io/blog/why-we-toss-and-turn-while-sleeping-and-how-to-stop
endel.io,attention deficit disorder home remedies,140,24,https://endel.io/blog/10-natural-remedies-for-adhd-without-medication
endel.io,block an app on iphone,140,7,https://endel.io/blog/how-to-temporarily-block-apps-on-iphone
endel.io,drift while you're sleeping,140,24,https://endel.io/blog/why-we-toss-and-turn-while-sleeping-and-how-to-stop
endel.io,ende app,140,2,https://endel.io/
endel.io,holistic adhd,140,64,https://endel.io/blog/10-natural-remedies-for-adhd-without-medication
endel.io,home remedies for add,140,15,https://endel.io/blog/10-natural-remedies-for-adhd-without-medication
endel.io,home remedies for add and adhd,140,19,https://endel.io/blog/10-natural-remedies-for-adhd-without-medication
endel.io,how to block a app,140,30,https://endel.io/blog/how-to-temporarily-block-apps-on-iphone
endel.io,how to block apps at certain times iphone,140,6,https://endel.io/blog/how-to-temporarily-block-apps-on-iphone
endel.io,how to block specific apps on iphone,140,20,https://endel.io/blog/how-to-temporarily-block-apps-on-iphone
endel.io,how to limit apps on iphone,140,7,https://endel.io/blog/how-to-temporarily-block-apps-on-iphone
endel.io,how to stop sleep kicking,140,28,https://endel.io/blog/why-we-toss-and-turn-while-sleeping-and-how-to-stop
endel.io,moving a lot in sleep,140,27,https://endel.io/blog/why-we-toss-and-turn-while-sleeping-and-how-to-stop
endel.io,needle app,140,42,https://endel.io/
endel.io,restrict apps on iphone,140,18,https://endel.io/blog/how-to-temporarily-block-apps-on-iphone
endel.io,restricting apps on iphone,140,27,https://endel.io/blog/how-to-temporarily-block-apps-on-iphone
endel.io,sleep cycle apps free,140,65,https://endel.io/
endel.io,stir in sleep,140,30,https://endel.io/blog/why-we-toss-and-turn-while-sleeping-and-how-to-stop
endel.io,why sounds,140,6,https://endel.io/blog/the-science-behind-relaxing-sounds
endel.io,are you conscious while sleeping,110,66,https://endel.io/blog/why-we-toss-and-turn-while-sleeping-and-how-to-stop
endel.io,can you temporarily block someone on iphone,110,14,https://endel.io/blog/how-to-temporarily-block-apps-on-iphone
endel.io,disable apps iphone,110,7,https://endel.io/blog/how-to-temporarily-block-apps-on-iphone
endel.io,endel lifetime subscription,110,1,https://payment.endel.io/
endel.io,endel reddit,110,7,https://endel.io/
endel.io,focus soundscape,110,13,https://merch.endel.io/products/poster-35
endel.io,healing frequencies device,110,38,https://endel.io/
endel.io,how do i stop moving in my sleep,110,5,https://endel.io/blog/why-we-toss-and-turn-while-sleeping-and-how-to-stop
endel.io,how to block downloading certain apps on iphone,110,26,https://endel.io/blog/how-to-temporarily-block-apps-on-iphone
endel.io,how to stop kicking in sleep,110,25,https://endel.io/blog/why-we-toss-and-turn-while-sleeping-and-how-to-stop
endel.io,how to stop moving in my sleep,110,3,https://endel.io/blog/why-we-toss-and-turn-while-sleeping-and-how-to-stop
endel.io,how to stop sleeping in,110,41,https://endel.io/blog/why-we-toss-and-turn-while-sleeping-and-how-to-stop
endel.io,how to stop spinning,110,64,https://endel.io/blog/why-we-toss-and-turn-while-sleeping-and-how-to-stop
endel.io,iphone disable apps,110,7,https://endel.io/blog/how-to-temporarily-block-apps-on-iphone
endel.io,is endel worth it,110,10,https://endel.io/
endel.io,relax heart rate,110,77,https://endel.io/
endel.io,tossed and turned all night,110,16,https://endel.io/blog/why-we-toss-and-turn-while-sleeping-and-how-to-stop
endel.io,tossing and turning while sleeping,110,8,https://endel.io/blog/why-we-toss-and-turn-while-sleeping-and-how-to-stop
endel.io,why do i toss and turn so much at night,110,11,https://endel.io/blog/why-we-toss-and-turn-while-sleeping-and-how-to-stop
endel.io,app to block apps at certain times,90,17,https://endel.io/blog/how-to-temporarily-block-apps-on-iphone
endel.io,block app at certain times,90,12,https://endel.io/blog/how-to-temporarily-block-apps-on-iphone
endel.io,block app for certain time,90,13,https://endel.io/blog/how-to-temporarily-block-apps-on-iphone
endel.io,block apps at certain times,90,18,https://endel.io/blog/how-to-temporarily-block-apps-on-iphone
endel.io,block apps certain times,90,16,https://endel.io/blog/how-to-temporarily-block-apps-on-iphone
endel.io,block apps for certain time,90,13,https://endel.io/blog/how-to-temporarily-block-apps-on-iphone
endel.io,brain fm vs endel,90,14,https://endel.io/
endel.io,brain.fm vs endel,90,17,https://endel.io/adhd
endel.io,can you block an app from being downloaded iphone,90,36,https://endel.io/blog/how-to-temporarily-block-apps-on-iphone
endel.io,endel premium subscription,90,1,https://endel.io/
endel.io,endel pricing,90,1,https://endel.io/
endel.io,endel vs brain fm,90,11,https://endel.io/
endel.io,endel vs brain.fm,90,15,https://endel.io/adhd
endel.io,enjel,90,26,https://endel.io/
endel.io,enle,90,28,https://endel.io/
endel.io,entangled app,90,26,https://endel.io/
endel.io,entanglement app,90,50,https://endel.io/
endel.io,erdel,90,34,https://endel.io/about
endel.io,how to block app store on iphone,90,21,https://endel.io/blog/how-to-temporarily-block-apps-on-iphone
endel.io,how to block apps on the app store,90,19,https://endel.io/blog/how-to-temporarily-block-apps-on-iphone
endel.io,how to condense apps on iphone,90,31,https://endel.io/blog/how-to-temporarily-block-apps-on-iphone
endel.io,how to pause apps on iphone,90,16,https://endel.io/blog/how-to-temporarily-block-apps-on-iphone
endel.io,how to restrict certain apps on iphone,90,8,https://endel.io/blog/how-to-temporarily-block-apps-on-iphone
endel.io,how to stay still while sleeping,90,3,https://endel.io/blog/why-we-toss-and-turn-while-sleeping-and-how-to-stop
endel.io,how to stop kicking in your sleep,90,32,https://endel.io/blog/why-we-toss-and-turn-while-sleeping-and-how-to-stop
endel.io,how to stop sleeping on side,90,74,https://endel.io/blog/why-we-toss-and-turn-while-sleeping-and-how-to-stop
endel.io,how to stop the room from spinning,90,75,https://endel.io/blog/why-we-toss-and-turn-while-sleeping-and-how-to-stop
endel.io,how to stop the room spinning,90,87,https://endel.io/blog/why-we-toss-and-turn-while-sleeping-and-how-to-stop
endel.io,restlessness during sleep,90,40,https://endel.io/blog/why-we-toss-and-turn-while-sleeping-and-how-to-stop
endel.io,sleeping as a coping mechanism,90,92,https://endel.io/blog/why-we-toss-and-turn-while-sleeping-and-how-to-stop
endel.io,turn off notifications for certain apps at certain times iphone,90,19,https://endel.io/blog/how-to-temporarily-block-apps-on-iphone
endel.io,what causes tossing and turning at night,90,12,https://endel.io/blog/why-we-toss-and-turn-while-sleeping-and-how-to-stop
endel.io,why am i tossing and turning at night,90,26,https://endel.io/blog/why-we-toss-and-turn-while-sleeping-and-how-to-stop
endel.io,adhd hat,70,2,https://merch.endel.io/products/adhd-hat
endel.io,andel logo,70,50,https://merch.endel.io/
endel.io,angel sound app,70,36,https://endel.io/
endel.io,angel sounds app,70,36,https://endel.io/
endel.io,block app from being downloaded iphone,70,36,https://endel.io/blog/how-to-temporarily-block-apps-on-iphone
endel.io,block specific apps iphone,70,13,https://endel.io/blog/how-to-temporarily-block-apps-on-iphone
endel.io,do people move in their sleep,70,39,https://endel.io/blog/why-we-toss-and-turn-while-sleeping-and-how-to-stop
endel.io,do you move in your sleep,70,22,https://endel.io/blog/why-we-toss-and-turn-while-sleeping-and-how-to-stop
endel.io,does endel work,70,3,https://endel.io/
endel.io,edel music,70,42,https://endel.io/blog/leaving-records
endel.io,endel adhd,70,1,https://endel.io/adhd
endel.io,endel app cost,70,1,https://payment.endel.io/
endel.io,endel free trial,70,1,https://app.endel.io/funnel/manifesto
endel.io,endel login,70,1,https://endel.io/
endel.io,endel music,70,1,https://endel.io/
endel.io,endel price,70,1,https://endel.io/
endel.io,endel sound app,70,1,https://endel.io/
endel.io,endel sound reddit,70,7,https://endel.io/
endel.io,endel sound usa,70,1,https://endel.io/
endel.io,endel student discount,70,1,https://payment.endel.io/
endel.io,focus music app,70,4,https://endel.io/
endel.io,how do i block apps on my iphone,70,9,https://endel.io/blog/how-to-temporarily-block-apps-on-iphone
