kluch,last,tri
white noise with music,1010,-22%
rain sounds with music,428,-2%
music with rain sounds,428,-2%
white noise and music,12,+20%
music with white noise,10,+0%
brown noise and music,8,+0%
noise over music,0,
music and brown noise,0,
white noise while listening to music,0,
brown noise over music,0,
mix white noise with music,0,
music mixed with white noise,0,
noise under music,0,
background noise with music,0,
white noise music mix,0,
lofi with white noise,0,
lofi and brown noise,0,
music plus noise,0,
add noise to music,0,
noise mixer music,0,
focus music with noise,0,
study music with white noise,0,
