kluch,obem,avgust,kd,trend_god,kandidat_v_imya,mesyacy,istochnik
time timer,14800,12100,31,-33,,22200 14800 18100 14800 14800 22200 14800 18100 14800 12100 8100 12100,related_adhd_timer.json
focus timer,4400,2900,50,0,да,3600 2900 3600 9900 12100 2900 3600 2900 2400 1900 1900 2900,suggest_focus_timer.json
adhd and hyper focus,4400,4400,30,1275,да,4400 4400 4400 4400 4400 4400 5400 5400 5400 4400 4400 4400,suggest_adhd_focus.json
adhd hyper focus,4400,4400,34,0,да,4400 4400 4400 4400 4400 4400 5400 5400 5400 4400 4400 4400,suggest_adhd_focus.json
classroom timer online,4400,4400,18,0,да,6600 5400 4400 3600 4400 4400 4400 4400 2900 1300 1000 4400,related_adhd_timer.json
adhd focus music,2900,2900,5,0,да,3600 3600 2900 2400 2900 2900 3600 3600 3600 2900 2400 2900,related_adhd_focus.json
adhd music for focus,2900,2900,5,0,да,3600 3600 2900 2400 2900 2900 3600 3600 3600 2900 2400 2900,suggest_adhd_focus.json
music for adhd focus,2900,2900,5,0,да,3600 3600 2900 2400 2900 2900 3600 3600 3600 2900 2400 2900,suggest_adhd_focus.json
adhd music focus,2900,2900,5,0,да,3600 3600 2900 2400 2900 2900 3600 3600 3600 2900 2400 2900,suggest_adhd_focus.json
noise canceling headphones for adhd,2400,3600,0,50,,1300 1000 1900 3600 3600 3600 3600 3600 2400 1300 1900 3600,suggest_noise_for_adhd.json
noise cancelling headphones for adhd,2400,3600,0,50,,1300 1000 1900 3600 3600 3600 3600 3600 2400 1300 1900 3600,suggest_noise_for_adhd.json
noise-canceling headphones for adhd,2400,3600,0,50,да,1300 1000 1900 3600 3600 3600 3600 3600 2400 1300 1900 3600,suggest_noise_for_adhd.json
natural supplements for adhd adults,1900,1600,2,-45,,2400 2400 2400 2400 2400 1900 1600 1900 2400 1600 1300 1600,related_adhd_focus.json
adhd visual timer,1900,4400,13,340,да,1000 880 1300 2400 2400 2400 2400 2400 1900 1900 2400 4400,suggest_adhd_timer.json
visual timer for adhd,1900,4400,13,340,да,1000 880 1300 2400 2400 2400 2400 2400 1900 1900 2400 4400,suggest_adhd_timer.json
visual timer adhd,1900,4400,0,340,да,1000 880 1300 2400 2400 2400 2400 2400 1900 1900 2400 4400,suggest_adhd_timer.json
how to focus with adhd,1600,1000,6,-38,,2400 2400 1900 1600 1600 1900 1900 1900 1300 880 720 1000,suggest_adhd_focus.json
how to focus adhd,1600,1000,6,-38,да,2400 2400 1900 1600 1600 1900 1900 1900 1300 880 720 1000,suggest_adhd_focus.json
time timer for adhd,1300,3600,0,823,,1600 210 260 720 1000 1000 720 1300 1900 2400 2400 3600,suggest_adhd_timer.json
adhd timer,1300,1300,1,30,да,1000 1300 1300 1600 1300 1300 1300 1600 1300 1000 1000 1300,suggest_adhd_timer.json
visual timer online free,1300,1300,31,-19,,1900 1600 1600 1300 1300 1300 1300 1000 1000 880 720 1300,related_adhd_timer.json
timer for adhd,1000,720,0,-28,да,1000 880 1600 1900 1900 1600 1300 1300 720 390 390 720,suggest_adhd_timer.json
timer adhd,1000,720,1,-28,да,1000 880 1600 1900 1900 1600 1300 1300 720 390 390 720,suggest_adhd_timer.json
focus work timer,880,10,64,0,да,10 30 10 30 20 50 70 70 70 9900 20 10,suggest_focus_timer.json
time timer app,880,590,32,-33,,4400 720 480 590 720 590 880 720 590 720 390 590,related_adhd_timer.json
focus timer app,720,260,64,-93,да,1000 880 720 880 1600 480 720 720 880 390 260 260,suggest_focus_timer.json
focus timer apps,720,260,64,-93,да,1000 880 720 880 1600 480 720 720 880 390 260 260,suggest_focus_timer.json
adhd focus supplements,720,880,0,22,да,720 880 720 590 720 720 880 720 590 590 720 880,related_adhd_focus.json
focus supplement adhd,720,880,0,22,да,720 880 720 590 720 720 880 720 590 590 720 880,suggest_adhd_focus.json
focus supplements for adhd,720,880,0,22,да,720 880 720 590 720 720 880 720 590 590 720 880,suggest_adhd_focus.json
focus supplement for adhd,720,880,0,22,да,720 880 720 590 720 720 880 720 590 590 720 880,suggest_adhd_focus.json
adhd supplements for focus,720,880,0,22,да,720 880 720 590 720 720 880 720 590 590 720 880,suggest_adhd_focus.json
focus adhd supplement,720,880,0,22,да,720 880 720 590 720 720 880 720 590 590 720 880,suggest_adhd_focus.json
supplements for adhd focus,720,880,0,22,да,720 880 720 590 720 720 880 720 590 590 720 880,suggest_adhd_focus.json
focus supplements adhd,720,880,0,22,да,720 880 720 590 720 720 880 720 590 590 720 880,suggest_adhd_focus.json
brown noise for adhd,720,1300,0,171,да,320 260 320 880 880 880 880 880 720 720 720 1300,suggest_noise_for_adhd.json
adhd focus,590,480,10,-19,да,720 590 590 590 590 590 590 590 480 480 390 480,related_adhd_focus.json
focus adult adhd clinic,590,590,0,23,да,390 390 390 590 590 720 720 590 720 590 720 590,suggest_adhd_focus.json
adhd how to focus,590,480,6,-19,да,720 590 590 590 590 590 590 590 480 480 390 480,suggest_adhd_focus.json
pomodoro timer for adhd,590,170,9,89,да,110 140 110 1900 1600 880 720 480 480 320 170 170,suggest_adhd_timer.json
white noise for adhd,590,720,8,0,да,720 590 590 720 880 590 480 480 480 390 390 720,suggest_noise_for_adhd.json
vitamins for adhd adults,480,480,0,0,да,480 480 480 390 480 480 480 480 390 390 480 480,related_adhd_focus.json
focus adhd,480,480,14,23,да,590 480 480 480 480 390 590 480 480 390 390 480,suggest_adhd_focus.json
adhd and focus,480,480,14,23,да,590 480 480 480 480 390 590 480 480 390 390 480,suggest_adhd_focus.json
focus for adhd,480,480,10,23,да,590 480 480 480 480 390 590 480 480 390 390 480,suggest_adhd_focus.json
focus and adhd,480,480,14,23,да,590 480 480 480 480 390 590 480 480 390 390 480,suggest_adhd_focus.json
focus on adhd,480,480,10,23,да,590 480 480 480 480 390 590 480 480 390 390 480,suggest_adhd_focus.json
focus with adhd,480,480,10,23,да,590 480 480 480 480 390 590 480 480 390 390 480,suggest_adhd_focus.json
focus music for adhd,390,390,8,22,да,390 390 320 260 480 390 390 390 390 320 320 390,suggest_adhd_focus.json
adhd focus techniques,390,390,11,22,да,480 480 390 320 390 480 480 390 320 260 320 390,suggest_adhd_focus.json
over focus adhd,390,320,31,-33,да,390 390 390 390 390 320 390 390 320 260 390 320,suggest_adhd_focus.json
focus tips for adhd,390,390,2,22,да,480 480 390 320 390 480 480 390 320 260 320 390,suggest_adhd_focus.json
how to focus with adhd without medication,390,320,1,23,,390 480 390 390 480 480 480 480 480 260 260 320,suggest_adhd_focus.json
focus techniques for adhd,390,390,11,22,да,480 480 390 320 390 480 480 390 320 260 320 390,suggest_adhd_focus.json
adhd focus tips,390,390,11,22,да,480 480 390 320 390 480 480 390 320 260 320 390,suggest_adhd_focus.json
focus medicine for adhd,320,390,46,0,да,390 390 320 320 320 320 320 320 260 260 320 390,suggest_adhd_focus.json
focus drugs adhd,320,390,53,0,да,390 390 320 320 320 320 320 320 260 260 320 390,suggest_adhd_focus.json
adhd focus medicine,320,390,46,0,да,390 390 320 320 320 320 320 320 260 260 320 390,suggest_adhd_focus.json
adhd medication for focus,320,390,46,0,,390 390 320 320 320 320 320 320 260 260 320 390,suggest_adhd_focus.json
focus medication for adhd,320,390,29,0,,390 390 320 320 320 320 320 320 260 260 320 390,suggest_adhd_focus.json
adhd focus medication,320,390,46,0,,390 390 320 320 320 320 320 320 260 260 320 390,suggest_adhd_focus.json
youtube adhd focus music,320,320,9,-18,,480 390 320 260 390 390 390 390 390 260 260 320,suggest_adhd_focus.json
focus adhd medication,320,390,46,0,,390 390 320 320 320 320 320 320 260 260 320 390,suggest_adhd_focus.json
pomodoro focus timer,260,320,47,88,да,170 260 210 260 260 210 260 210 260 210 320 320,suggest_focus_timer.json
neurodivergent music for adhd,260,90,0,-72,да,320 320 320 320 390 390 480 320 10 10 10 90,related_adhd_focus.json
over-the-counter supplements for adhd,260,260,0,-33,да,260 320 390 260 320 390 320 260 260 170 210 260,related_adhd_focus.json
how to stay focus with adhd,260,210,3,0,,320 260 260 260 260 260 320 320 260 210 210 210,suggest_adhd_focus.json
adhd focus therapy,260,90,15,-36,да,70 70 40 390 880 390 320 260 260 210 390 90,suggest_adhd_focus.json
focus gummies for adhd,260,210,2,-56,да,480 210 210 170 320 390 320 320 170 70 140 210,suggest_adhd_focus.json
how to focus better with adhd,260,210,11,-46,,390 390 390 260 320 320 320 320 210 140 140 210,suggest_adhd_focus.json
study timer online aesthetic,260,210,19,-19,да,320 390 390 320 320 210 210 210 210 110 170 210,related_adhd_timer.json
time timer desktop app,260,140,15,-56,,320 320 260 260 320 260 260 170 140 170 210 140,related_adhd_timer.json
pomodoro timer for focus,210,50,57,-44,да,110 90 70 210 390 390 260 260 320 70 110 50,suggest_focus_timer.json
adhd music binaural beats,210,170,0,0,да,170 170 260 170 210 260 390 320 210 40 50 170,related_adhd_focus.json
adhd focus friend book,210,10,0,-100,да,2400 10 10 10 10 10 10 10 10 20 10 10,suggest_adhd_focus.json
focus to do pomodoro timer,170,140,34,100,,170 140 480 390 170 110 170 50 50 70 90 140,suggest_focus_timer.json
focus todo pomodoro timer,170,140,59,100,,170 140 480 390 170 110 170 50 50 70 90 140,suggest_focus_timer.json
adhd focus music youtube,170,170,8,89,,140 140 110 90 140 140 170 260 210 210 140 170,related_adhd_focus.json
adhd focus strategies,170,170,11,89,,480 260 210 140 140 110 90 140 110 110 90 170,suggest_adhd_focus.json
focus music adhd,170,110,6,-35,,210 170 140 140 170 140 170 170 140 110 110 110,suggest_adhd_focus.json
focus strategies for adhd,170,170,21,89,,480 260 210 140 140 110 90 140 110 110 90 170,suggest_adhd_focus.json
best music for adhd focus,170,140,9,-18,,140 170 140 140 170 170 170 210 170 140 140 140,suggest_adhd_focus.json
focus techniques adhd,170,170,11,89,,480 260 210 140 140 110 90 140 110 110 90 170,suggest_adhd_focus.json
adhd techniques to focus,170,170,21,89,,480 260 210 140 140 110 90 140 110 110 90 170,suggest_adhd_focus.json
brown noise machine for adhd,170,10,0,-98,,170 90 210 320 210 390 390 210 90 10 20 10,suggest_noise_for_adhd.json
brown noise for adhd sleep,170,210,3,600,,20 30 30 50 110 110 480 210 170 210 210 210,suggest_noise_for_adhd.json
timer for focus,140,70,47,-22,,170 260 170 140 210 170 210 140 170 70 40 70,suggest_focus_timer.json
focus vitamin for adhd,140,260,0,136,,140 170 140 90 140 170 170 210 110 90 110 260,suggest_adhd_focus.json
adhd focus vitamins,140,260,0,136,,140 170 140 90 140 170 170 210 110 90 110 260,suggest_adhd_focus.json
vitamins for adhd focus,140,260,2,136,,140 170 140 90 140 170 170 210 110 90 110 260,suggest_adhd_focus.json
focus partners adhd,140,140,0,56,,110 210 140 170 170 90 110 110 110 170 170 140,suggest_adhd_focus.json
does music help people with adhd focus,140,70,1,-22,,140 140 140 140 170 140 140 170 260 170 70 70,suggest_adhd_focus.json
focus vitamins for adhd,140,260,3,136,,140 170 140 90 140 170 170 210 110 90 110 260,suggest_adhd_focus.json
focus keeper pomodoro timer app,110,90,24,-47,,320 170 170 90 90 90 50 70 90 90 90 90,suggest_focus_timer.json
supplements for focus adhd,110,110,3,-35,,260 170 110 90 110 140 90 110 110 70 70 110,suggest_adhd_focus.json
supplement for focus adhd,110,110,0,-35,,260 170 110 90 110 140 90 110 110 70 70 110,suggest_adhd_focus.json
adhd can't focus,110,110,13,0,,140 110 140 110 110 110 110 110 90 90 70 110,suggest_adhd_focus.json
binaural beats for adhd focus,110,170,2,143,,50 40 50 140 110 110 140 90 140 110 210 170,suggest_adhd_focus.json
brown noise for adhd focus,110,210,11,600,,40 20 50 90 70 110 140 140 170 210 170 210,suggest_adhd_focus.json
does caffeine help you focus adhd,110,90,0,-18,,140 140 110 110 110 110 140 140 90 90 70 90,suggest_adhd_focus.json
adhd sounds for focus,110,30,20,-25,,50 70 90 90 90 110 110 140 210 140 90 30,suggest_adhd_focus.json
best noise for adhd sleep,110,70,7,-59,,210 170 90 110 110 90 90 90 70 70 50 70,suggest_noise_for_adhd.json
focus keeper pomodoro timer,90,70,57,-59,,210 170 110 70 50 70 50 90 70 70 50 70,suggest_focus_timer.json
brain focus productivity timer,90,110,35,57,,90 90 70 70 90 90 110 90 90 110 110 110,suggest_focus_timer.json
timer to focus,90,110,47,0,,210 110 90 70 110 90 140 90 70 90 70 110,suggest_focus_timer.json
online focus timer,90,70,46,0,,110 70 110 70 90 90 90 90 50 70 50 70,suggest_focus_timer.json
focus timer online,90,70,47,0,,110 70 110 70 90 90 90 90 50 70 50 70,suggest_focus_timer.json
timer focus,90,90,37,80,,90 90 110 110 110 90 90 70 90 50 70 90,suggest_focus_timer.json
how to focus when you have adhd,90,90,21,0,,140 110 90 90 90 90 70 90 70 70 50 90,suggest_adhd_focus.json
what is hyper focus adhd,90,70,39,0,,50 50 90 90 110 90 110 90 90 90 50 70,suggest_adhd_focus.json
focus adhd indianapolis,90,90,0,0,,90 70 50 70 70 70 50 110 90 110 90 90,suggest_adhd_focus.json
adhd focus sounds,90,70,20,0,,140 70 90 90 90 90 90 90 70 50 30 70,suggest_adhd_focus.json
how to focus on reading with adhd,90,90,0,-18,,110 90 90 90 90 90 90 50 70 70 70 90,suggest_adhd_focus.json
how to focus in class with adhd,90,50,10,-29,,170 140 90 70 90 90 110 110 50 10 20 50,suggest_adhd_focus.json
adhd focus sound,90,70,20,0,,140 70 90 90 90 90 90 90 70 50 30 70,suggest_adhd_focus.json
adhd focus plan,90,140,0,56,,90 90 110 70 70 90 90 140 70 90 70 140,suggest_adhd_focus.json
adhd clock timer,90,140,0,180,,50 90 70 90 90 70 70 90 90 50 90 140,suggest_adhd_timer.json
time timer adhd,90,90,0,29,,70 20 70 170 170 210 110 90 140 30 20 90,suggest_adhd_timer.json
adhd timer for adults,90,90,0,29,,50 50 70 110 90 90 90 90 70 90 90 90,suggest_adhd_timer.json
adhd timer clock,90,140,0,180,,50 90 70 90 90 70 70 90 90 50 90 140,suggest_adhd_timer.json
flip focus timer for study,70,90,11,125,,40 70 50 70 70 50 70 70 50 90 90 90,suggest_focus_timer.json
adhd focus exercises,70,50,0,-44,,110 110 90 70 70 70 70 90 70 50 50 50,suggest_adhd_focus.json
adhd focus friend,70,50,0,-55,,70 50 50 70 110 50 70 50 50 40 40 50,suggest_adhd_focus.json
how to focus without adhd medication,70,70,0,40,,110 70 70 70 50 50 70 70 50 50 50 70,suggest_adhd_focus.json
hyper focus and adhd,70,70,33,0,,90 90 70 70 50 40 90 70 70 50 70 70,suggest_adhd_focus.json
how to help someone with adhd focus,70,50,15,25,,70 90 70 50 70 70 50 70 50 70 50 50,suggest_adhd_focus.json
what helps people with adhd focus,70,70,15,75,,70 70 70 70 70 70 70 50 70 50 40 70,suggest_adhd_focus.json
why does music help me focus adhd,70,30,6,-40,,90 70 50 40 70 70 90 70 70 30 30 30,suggest_adhd_focus.json
how to improve focus with adhd,70,70,4,0,,90 70 70 70 70 90 70 90 90 70 70 70,suggest_adhd_focus.json
adhd focus app,70,70,17,0,,70 70 70 90 110 90 50 50 70 40 70 70,suggest_adhd_focus.json
adhd focus apps,70,70,9,0,,70 70 70 90 110 90 50 50 70 40 70 70,suggest_adhd_focus.json
the adhd focus friend,70,90,5,29,,90 70 70 140 110 50 70 70 70 70 40 90,suggest_adhd_focus.json
ways to focus with adhd,70,40,21,-43,,90 90 70 70 50 70 50 50 40 30 30 40,suggest_adhd_focus.json
hyper focus in adhd,70,70,30,40,,70 70 90 50 70 90 90 90 90 70 70 70,suggest_adhd_focus.json
how to focus without adhd meds,70,70,0,40,,110 70 70 70 50 50 70 70 50 50 50 70,suggest_adhd_focus.json
natural focus supplements for adhd,70,50,2,0,,30 70 70 90 140 110 110 70 70 70 20 50,suggest_adhd_focus.json
how to focus on homework with adhd,70,50,0,25,,90 90 70 70 70 70 70 70 70 20 20 50,suggest_adhd_focus.json
youtube focus music adhd,70,70,11,-36,,70 110 50 50 70 90 70 90 70 70 50 70,suggest_adhd_focus.json
how to help adhd focus,70,50,7,0,,110 90 70 50 70 70 70 70 50 50 50 50,suggest_adhd_focus.json
how to improve focus adhd,70,70,13,0,,90 70 70 70 70 90 70 90 90 70 70 70,suggest_adhd_focus.json
how to focus while reading adhd,70,70,0,-22,,110 90 70 50 90 50 70 70 70 70 50 70,suggest_adhd_focus.json
best focus supplements for adhd,70,70,0,-67,,170 90 50 50 70 70 50 50 40 30 40 70,suggest_adhd_focus.json
focus exercises for adhd,70,50,0,-44,,110 110 90 70 70 70 70 90 70 50 50 50,suggest_adhd_focus.json
adhd relief music studying music for better concentration and focus,70,50,6,0,,50 70 70 70 90 50 70 70 70 70 70 50,suggest_adhd_focus.json
how to help focus with adhd,70,50,7,0,,110 90 70 50 70 70 70 70 50 50 50 50,suggest_adhd_focus.json
adhd visual timer online,70,90,31,80,,50 40 50 40 90 70 90 50 70 50 40 90,suggest_adhd_timer.json
pomodoro timer adhd,70,50,7,25,,70 50 50 50 70 70 70 70 50 40 50 50,suggest_adhd_timer.json
adhd timer app,70,70,8,-22,,90 70 90 70 90 90 70 90 70 70 70 70,suggest_adhd_timer.json
best noise for adhd,70,70,3,40,,90 70 50 50 70 70 70 70 40 50 50 70,suggest_noise_for_adhd.json
visual timer online free for students,70,170,31,750,,40 30 50 40 70 30 50 70 50 40 50 170,related_adhd_timer.json
study bunny focus timer,50,50,17,0,,70 50 50 30 50 50 70 90 40 40 30 50,suggest_focus_timer.json
study bunny: focus timer,50,50,10,0,,70 50 50 30 50 50 70 90 40 40 30 50,suggest_focus_timer.json
does music help adhd focus,50,40,9,0,,70 70 50 70 70 70 70 70 50 30 20 40,suggest_adhd_focus.json
adhd help focus,50,40,8,-20,,50 40 70 50 50 70 70 50 50 30 30 40,suggest_adhd_focus.json
best music for focus adhd,50,20,5,-71,,90 90 40 70 70 50 50 30 30 20 30 20,suggest_adhd_focus.json
adhd pomodoro timer,50,40,4,33,,40 50 40 50 50 50 40 70 50 30 50 40,suggest_adhd_timer.json
adhd timer method,50,30,3,-40,,40 50 50 50 50 70 50 50 50 30 30 30,suggest_adhd_timer.json
best noise for studying adhd,50,40,6,33,,70 50 50 70 70 50 40 50 40 20 20 40,suggest_noise_for_adhd.json
what color noise is best for adhd sleep,50,10,5,-86,,90 110 70 70 50 50 40 30 20 10 10 10,suggest_noise_for_adhd.json
best noise for sleep adhd,50,40,7,-20,,70 110 50 50 70 40 70 40 40 30 40 40,suggest_noise_for_adhd.json
study focus timer,40,20,48,-33,,70 50 30 30 50 40 40 40 50 20 10 20,suggest_focus_timer.json
adhd focus timer,40,40,0,-20,,30 50 30 30 30 30 30 40 50 30 30 40,suggest_focus_timer.json
be focused focus timer,40,40,64,-20,,50 40 50 40 40 30 30 30 40 40 40 40,suggest_focus_timer.json
hyperfocus music for studying,40,30,,,,0 0 0 0 0 0 10 10 10 320 140 30,related_adhd_focus.json
best visual timer for adhd,40,90,0,125,,20 20 30 50 40 30 30 40 50 20 30 90,suggest_adhd_timer.json
best adhd timer,40,20,0,-60,,20 40 40 50 40 50 30 40 30 50 20 20,suggest_adhd_timer.json
adhd timer watch,40,140,0,1300,,10 20 30 10 20 20 20 40 50 70 20 140,suggest_adhd_timer.json
best timer for adhd,40,50,0,0,,40 40 40 40 40 30 50 40 50 40 50 50,suggest_adhd_timer.json
adhd watch timer,40,140,3,1300,,10 20 30 10 20 20 20 40 50 70 20 140,suggest_adhd_timer.json
background noise for adhd,40,70,5,133,,50 30 30 70 40 30 40 20 30 30 70 70,suggest_noise_for_adhd.json
best sleep noise for adhd,40,20,0,-50,,50 40 30 40 70 50 50 40 20 20 20 20,suggest_noise_for_adhd.json
best noise for adhd focus,40,30,7,-57,,70 50 50 30 50 50 40 50 30 30 30 30,suggest_noise_for_adhd.json
10 minute focus timer,30,50,0,67,,30 30 30 20 30 30 50 20 20 10 40 50,suggest_focus_timer.json
bear focus timer,30,20,9,-60,,50 40 30 40 50 20 10 30 40 10 20 20,suggest_focus_timer.json
focus timer for study,30,30,48,50,,20 20 30 40 20 50 30 40 20 10 20 30,suggest_focus_timer.json
focus study timer,30,20,50,0,,30 20 40 30 20 30 30 30 30 10 10 20,suggest_focus_timer.json
best focus timer app,30,20,24,0,,40 40 70 30 30 30 30 40 10 20 10 20,suggest_focus_timer.json
best focus timer apps,30,20,22,0,,40 40 70 30 30 30 30 40 10 20 10 20,suggest_focus_timer.json
deep focus timer,30,10,0,-50,,70 40 30 30 20 30 30 20 20 10 10 10,suggest_focus_timer.json
focus timer pomodoro,30,30,65,0,,30 40 20 40 30 30 30 30 20 10 30 30,suggest_focus_timer.json
best focus timer,30,30,26,0,,40 30 20 30 40 20 40 20 20 20 20 30,suggest_focus_timer.json
focus pomodoro timer,30,20,48,0,,20 50 50 30 50 40 30 30 30 20 20 20,suggest_focus_timer.json
20 minute timer with focus music,30,10,,,,70 30 20 20 40 30 40 20 20 10 0 10,suggest_focus_timer.json
zone focus timer,30,20,1,-33,,20 20 10 50 50 40 40 20 10 20 10 20,suggest_focus_timer.json
timer for adhd adults,30,40,0,100,,40 20 40 20 30 40 10 30 40 20 30 40,suggest_adhd_timer.json
adhd timer online,30,20,34,-33,,40 40 50 30 40 20 20 30 40 20 20 20,suggest_adhd_timer.json
green noise for adhd,30,20,0,-33,,50 50 40 20 20 30 20 30 20 20 10 20,suggest_noise_for_adhd.json
focus noise for adhd,30,30,0,0,,40 30 20 30 40 40 40 20 20 10 10 30,suggest_noise_for_adhd.json
best noise cancelling headphones for adhd,30,40,0,33,,30 40 30 40 30 30 20 20 20 20 30 40,suggest_noise_for_adhd.json
noise cancelling earbuds for adhd,30,20,0,-50,,40 40 40 30 20 20 20 10 20 20 20 20,suggest_noise_for_adhd.json
white noise for adhd sleep,30,40,10,0,,10 20 10 30 70 70 30 20 20 20 30 40,suggest_noise_for_adhd.json
colored noise for adhd,30,70,,600,,10 10 20 50 50 10 10 10 30 20 10 70,suggest_noise_for_adhd.json
noise for adhd focus,30,20,3,-33,,40 40 30 40 40 30 10 40 20 20 20 20,suggest_noise_for_adhd.json
pink noise for adhd,30,30,3,50,,30 40 70 30 20 20 30 20 20 10 20 30,suggest_noise_for_adhd.json
adhd noise for focus,30,10,13,0,,20 20 20 20 40 20 30 50 30 20 10 10,suggest_noise_for_adhd.json
what noise is best for adhd sleep,30,20,8,0,,20 10 10 20 30 30 30 30 30 20 20 20,suggest_noise_for_adhd.json
white noise for adhd focus,30,30,13,50,,10 10 10 30 50 70 10 20 20 20 10 30,suggest_noise_for_adhd.json
is brown noise good for adhd,30,30,5,0,,30 20 40 20 40 30 20 30 30 20 20 30,suggest_noise_for_adhd.json
brown noise for focus adhd,30,30,0,50,,20 10 10 10 30 30 40 20 40 30 30 30,suggest_noise_for_adhd.json
time timer website,30,30,54,0,,30 20 20 30 30 30 30 30 30 10 10 30,related_adhd_timer.json
pomodoro focus timer app,20,50,,400,,20 20 40 20 20 30 20 20 40 10 10 50,suggest_focus_timer.json
pomodoro timer focus,20,10,,0,,20 20 20 20 20 10 20 20 20 10 10 10,suggest_focus_timer.json
focus to do timer,20,10,,0,,10 50 10 10 20 20 10 10 10 20 20 10,suggest_focus_timer.json
focus flight deep focus timer,20,10,,0,,90 10 10 20 10 10 10 20 10 10 10 10,suggest_focus_timer.json
work focus timer,20,20,57,0,,20 10 20 20 30 20 20 20 10 10 20 20,suggest_focus_timer.json
focus to do pomodoro timer & to do list,20,20,83,0,,30 20 10 10 20 10 10 20 20 20 20 20,suggest_focus_timer.json
focus to-do: pomodoro timer & to do list,20,20,83,0,,30 20 10 10 20 10 10 20 20 20 20 20,suggest_focus_timer.json
focus timer website,20,10,,0,,30 10 20 10 20 30 10 20 20 10 10 10,suggest_focus_timer.json
30 minute focus timer,20,20,,100,,20 20 20 20 30 20 20 40 40 20 10 20,suggest_focus_timer.json
focus to do: pomodoro timer & to do list,20,20,83,0,,30 20 10 10 20 10 10 20 20 20 20 20,suggest_focus_timer.json
focus timer mac,20,20,21,0,,20 10 10 20 20 10 10 20 50 40 10 20,suggest_focus_timer.json
focus timer for productivity,20,0,,-100,,10 10 10 140 20 20 20 10 10 10 10 0,suggest_focus_timer.json
focus to-do: pomodoro timer & to-do list,20,20,83,0,,30 20 10 10 20 10 10 20 20 20 20 20,suggest_focus_timer.json
study bunny focus timer app,20,20,,100,,10 10 10 10 10 20 20 70 50 20 20 20,suggest_focus_timer.json
focus flight timer,20,10,,,,10 10 20 10 20 10 30 70 10 10 10 10,suggest_focus_timer.json
stayfocusd website blocker & focus timer & shorts blocker,20,20,,100,,10 20 20 20 30 20 20 20 20 20 20 20,suggest_focus_timer.json
focus to-do timer,20,10,,0,,10 50 10 10 20 20 10 10 10 20 20 10,suggest_focus_timer.json
15 minute focus timer,20,10,,,,30 20 20 20 20 20 40 30 20 10 10 10,suggest_focus_timer.json
focus booster pomodoro timer,20,10,65,-67,,40 40 140 40 10 10 10 10 10 10 10 10,suggest_focus_timer.json
study bunny: focus timer app,20,20,,100,,10 10 10 10 10 20 20 70 50 20 20 20,suggest_focus_timer.json
flow focus & pomodoro timer,20,20,,-33,,20 40 30 20 10 10 10 10 10 40 10 20,suggest_focus_timer.json
focus timer chrome extension,20,10,,-50,,20 20 10 20 20 20 20 20 20 20 10 10,suggest_focus_timer.json
adhd focus music spotify,20,10,,0,,10 10 10 30 30 20 20 10 20 20 20 10,related_adhd_focus.json
adhd focus music reddit,20,10,,0,,10 10 10 10 70 10 20 10 10 10 10 10,related_adhd_focus.json
best adhd focus music,20,20,9,0,,20 20 20 10 20 20 30 30 20 20 30 20,related_adhd_focus.json
neurodivergent music for adhd youtube,20,30,,200,,10 10 20 10 20 20 20 10 30 30 10 30,related_adhd_focus.json
adhd task timer,20,20,,0,,20 20 20 30 20 30 30 20 20 10 30 20,suggest_adhd_timer.json
adhd work timer,20,30,,200,,10 10 10 20 10 30 30 20 10 10 10 30,suggest_adhd_timer.json
adhd timer pomodoro,20,10,,0,,20 10 10 10 20 20 20 20 20 10 10 10,suggest_adhd_timer.json
best pomodoro timer for adhd,20,20,,0,,20 10 10 20 20 20 10 20 10 10 10 20,suggest_adhd_timer.json
adhd cube timer,20,20,0,100,,10 10 10 20 30 20 20 20 10 20 20 20,suggest_adhd_timer.json
adhd study timer,20,10,,0,,30 30 20 30 20 20 10 20 10 10 10 10,suggest_adhd_timer.json
adhd visual timer app,20,20,,0,,10 10 20 20 20 30 20 10 10 10 10 20,suggest_adhd_timer.json
adhd timer cube,20,40,0,300,,10 20 10 20 20 30 20 30 30 20 20 40,suggest_adhd_timer.json
best background noise for adhd,20,20,6,0,,30 20 30 10 20 10 20 20 20 20 20 20,suggest_noise_for_adhd.json
noise for adhd sleep,20,10,5,-50,,30 30 20 40 20 20 20 20 10 10 10 10,suggest_noise_for_adhd.json
brown noise for studying adhd,20,30,,50,,30 30 10 30 30 30 20 20 20 10 20 30,suggest_noise_for_adhd.json
what color noise is best for adhd,20,20,9,0,,20 20 30 20 20 20 20 20 20 10 10 20,suggest_noise_for_adhd.json
adhd noise for sleep,20,20,5,0,,10 10 20 20 30 20 50 40 10 10 10 20,suggest_noise_for_adhd.json
is white noise good for adhd,20,10,34,-50,,20 20 20 20 20 20 10 20 10 10 20 10,suggest_noise_for_adhd.json
study noise for adhd,20,10,4,-67,,40 30 20 20 20 30 20 20 20 10 10 10,suggest_noise_for_adhd.json
white noise for studying adhd,20,10,4,0,,10 20 20 20 30 20 20 10 20 10 10 10,suggest_noise_for_adhd.json
what noise is best for adhd,20,10,19,-67,,20 20 10 10 20 20 30 20 10 10 20 10,suggest_noise_for_adhd.json
best color noise for adhd,20,20,9,0,,30 30 40 30 20 30 20 20 20 10 10 20,suggest_noise_for_adhd.json
noise reducing ear plugs for adhd,20,40,0,100,,10 10 10 10 20 20 20 20 30 20 20 40,suggest_noise_for_adhd.json
sleep noise for adhd,20,10,5,-80,,70 20 10 20 20 10 20 10 10 10 10 10,suggest_noise_for_adhd.json
noise cancelling headphones for adhd adults,20,10,,-50,,10 10 30 50 10 20 10 10 20 10 20 10,suggest_noise_for_adhd.json
noise-reducing ear plugs for adhd,20,40,0,100,,10 10 10 10 20 20 20 20 30 20 20 40,suggest_noise_for_adhd.json
best noise for focus adhd,20,10,7,-75,,40 30 20 10 30 10 10 20 10 10 10 10,suggest_noise_for_adhd.json
best white noise for adhd,20,20,36,0,,10 30 20 20 20 20 20 20 10 10 10 20,suggest_noise_for_adhd.json
time timer app free,20,20,57,0,,20 20 30 10 20 20 20 20 30 20 20 20,related_adhd_timer.json
attirance smart focus timer,10,10,,,,0 0 10 10 0 10 10 0 0 0 10 10,suggest_focus_timer.json
focus timer iphone,10,10,,0,,10 10 10 10 10 10 10 10 10 10 10 10,suggest_focus_timer.json
focus aesthetic timer,10,10,,,,0 0 0 0 0 0 10 10 10 0 10 10,suggest_focus_timer.json
focus timer adjustable hourglass,10,20,,100,,10 10 10 30 10 20 10 10 10 10 10 20,suggest_focus_timer.json
focus matcha timer,10,10,,,,0 0 0 0 50 20 40 10 10 10 10 10,suggest_focus_timer.json
bakery study focus timer app,10,0,,0,,0 10 0 0 0 0 0 0 0 0 0 0,suggest_focus_timer.json
focus timer for study pc,10,10,,,,0 0 10 0 0 10 10 0 0 0 0 10,suggest_focus_timer.json
ford focus st turbo timer,10,10,,0,,10 10 0 10 0 10 10 10 0 0 10 10,suggest_focus_timer.json
focus timer visual timer,10,0,,-100,,20 10 10 10 10 10 10 10 10 10 10 0,suggest_focus_timer.json
cafe focus timer,10,10,,,,0 0 0 0 0 0 20 10 10 10 10 10,suggest_focus_timer.json
focus plant: pomodoro timer game,10,10,,0,,10 20 10 10 10 10 10 10 10 10 10 10,suggest_focus_timer.json
flight focus timer,10,10,,,,20 10 10 10 10 10 10 20 10 10 10 10,suggest_focus_timer.json
focado: focus timer,10,0,,0,,0 0 0 0 0 0 10 10 10 10 0 0,suggest_focus_timer.json
flip focus timer for study website,10,10,,0,,0 10 0 0 10 0 0 0 0 10 0 10,suggest_focus_timer.json
focus timer app mac,10,10,,0,,10 10 10 10 10 10 10 10 10 10 10 10,suggest_focus_timer.json
bluebird focus timer,10,10,,0,,10 10 10 20 10 10 10 10 10 10 20 10,suggest_focus_timer.json
pomodoro focus timer: balance,10,10,,,,10 10 10 0 0 10 0 10 0 0 0 10,suggest_focus_timer.json
windows 10 focus timer,10,0,,0,,10 0 0 10 10 0 0 0 10 0 0 0,suggest_focus_timer.json
focus timer free,10,10,,0,,10 10 10 10 10 10 20 10 10 10 10 10,suggest_focus_timer.json
endel: focus timer,10,10,,0,,10 10 10 10 10 10 10 10 10 10 10 10,suggest_focus_timer.json
bee focus timer,10,0,,0,,0 10 0 0 10 0 0 0 0 0 0 0,suggest_focus_timer.json
focus timer with music,10,10,,0,,10 10 10 10 10 10 10 10 10 10 10 10,suggest_focus_timer.json
focus period timer,10,10,,0,,0 0 0 10 0 10 10 10 0 0 0 10,suggest_focus_timer.json
flip focus timer for study download,10,0,,-100,,10 0 0 0 0 0 0 0 0 0 0 0,suggest_focus_timer.json
focus timer app windows,10,0,,-100,,10 10 10 10 10 10 10 10 10 10 10 0,suggest_focus_timer.json
timer focus app,10,10,64,0,,10 10 10 10 10 10 10 0 10 10 20 10,suggest_focus_timer.json
focus timer time keeper,10,0,,-100,,10 10 10 10 10 10 10 10 10 10 0 0,suggest_focus_timer.json
focus timer extension,10,10,65,0,,10 10 10 20 20 10 10 10 10 10 10 10,suggest_focus_timer.json
how to turn off trip timer ford focus,10,10,,0,,10 10 10 10 0 10 10 10 10 10 0 10,suggest_focus_timer.json
focus timer 2 hours,10,0,,-100,,0 10 0 0 0 0 10 10 10 0 10 0,suggest_focus_timer.json
focus plant pomodoro timer,10,10,,0,,10 10 0 0 0 10 10 10 0 0 0 10,suggest_focus_timer.json
focus timer hourglass,10,10,,0,,10 10 10 30 20 10 10 10 10 10 10 10,suggest_focus_timer.json
flightmode focus study timer,10,0,,0,,0 0 0 0 0 0 0 10 0 0 10 0,suggest_focus_timer.json
focus timer aesthetic,10,10,,0,,20 10 10 10 20 10 10 10 10 10 10 10,suggest_focus_timer.json
bento focus timer,10,10,,0,,10 10 10 0 10 10 0 0 0 10 0 10,suggest_focus_timer.json
macos focus timer,10,10,,0,,10 10 10 0 10 10 0 10 0 0 0 10,suggest_focus_timer.json
microsoft focus timer,10,10,,0,,10 10 10 10 10 10 10 10 10 10 10 10,suggest_focus_timer.json
focus timer cute,10,10,,,,10 10 10 10 10 10 10 10 10 10 10 10,suggest_focus_timer.json
focus timer kickstarter,10,10,,0,,10 10 10 10 10 10 10 10 10 10 10 10,suggest_focus_timer.json
ticktick focus timer,10,10,,0,,10 10 10 10 10 10 10 10 10 10 10 10,suggest_focus_timer.json
focus mode timer,10,10,,0,,10 10 10 10 10 10 10 10 10 0 0 10,suggest_focus_timer.json
app focus timer,10,0,64,-100,,10 0 10 10 0 10 0 10 0 10 0 0,suggest_focus_timer.json
focus app timer,10,10,64,0,,10 10 10 10 10 10 10 10 10 10 10 10,suggest_focus_timer.json
focus st turbo timer,10,10,,0,,10 10 10 10 10 10 10 10 10 10 10 10,suggest_focus_timer.json
adhd focus music frequency,10,10,,0,,10 10 10 10 10 0 10 10 10 10 10 10,related_adhd_focus.json
what is the best focus supplement for adhd,10,10,5,0,,10 10 10 10 10 10 10 10 10 10 10 10,related_adhd_focus.json
adhd shower timer,10,20,,100,,10 10 10 10 20 10 10 20 10 10 10 20,suggest_adhd_timer.json
adhd timer app free,10,10,,0,,10 10 10 10 10 10 20 10 10 10 10 10,suggest_adhd_timer.json
timer app for adhd,10,10,8,0,,10 10 10 10 10 10 20 10 10 10 10 10,suggest_adhd_timer.json
pomodoro timer adhd couple,10,10,,0,,10 10 10 10 10 10 10 10 10 10 10 10,suggest_adhd_timer.json
adhd timer amazon,10,10,,-50,,10 10 10 10 10 10 10 10 10 10 10 10,suggest_adhd_timer.json
adhd time timer,10,10,0,0,,10 10 10 10 10 10 10 10 10 10 20 10,suggest_adhd_timer.json
adhd productivity timer,10,10,,0,,20 10 10 10 30 10 10 10 10 10 10 10,suggest_adhd_timer.json
adhd timer trick,10,10,,,,10 0 10 10 10 10 10 0 10 10 0 10,suggest_adhd_timer.json
adhd couple timer,10,10,,0,,10 0 10 10 0 10 10 10 10 0 10 10,suggest_adhd_timer.json
timer watch for adhd,10,10,0,0,,10 10 0 10 10 10 10 0 10 10 10 10,suggest_adhd_timer.json
adhd countdown timer,10,20,,100,,10 10 10 10 10 10 10 20 10 10 10 20,suggest_adhd_timer.json
online adhd timer,10,10,34,0,,10 10 10 20 10 10 10 10 10 10 10 10,suggest_adhd_timer.json
how to adhd timer,10,0,,-100,,10 10 10 10 10 10 10 0 10 0 0 0,suggest_adhd_timer.json
adhd friendly timer,10,10,,0,,10 10 10 10 10 10 10 10 10 20 10 10,suggest_adhd_timer.json
amazon adhd timer,10,10,,,,10 10 10 10 10 20 10 10 10 10 10 10,suggest_adhd_timer.json
adhd desk timer,10,10,,,,10 10 10 10 10 10 10 10 10 10 10 10,suggest_adhd_timer.json
timer for adhd students,10,10,,0,,10 10 10 0 10 10 10 10 10 10 0 10,suggest_adhd_timer.json
visual timer for adhd adults,10,40,,,,0 0 0 0 0 10 20 20 40 20 20 40,suggest_adhd_timer.json
adhd visual timer online free,10,10,,,,0 0 0 0 0 20 10 10 10 10 10 10,suggest_adhd_timer.json
visual timer adhd adult,10,20,,,,0 0 10 10 10 10 10 10 10 10 10 20,suggest_adhd_timer.json
study timer adhd,10,10,,,,10 10 10 10 10 10 10 10 10 0 10 10,suggest_adhd_timer.json
is green noise good for adhd,10,10,25,0,,10 10 10 10 10 10 10 10 10 10 10 10,suggest_noise_for_adhd.json
brown noise for adhd concentration,10,20,,100,,10 10 10 10 10 10 10 10 10 10 10 20,suggest_noise_for_adhd.json
what is brown noise for adhd,10,10,2,0,,10 10 10 10 10 0 10 10 10 10 10 10,suggest_noise_for_adhd.json
what does brown noise do for adhd,10,10,19,0,,10 10 10 10 10 10 10 10 10 10 10 10,suggest_noise_for_adhd.json
gray noise for adhd,10,10,,0,,10 0 0 10 0 10 10 0 0 0 0 10,suggest_noise_for_adhd.json
noise for focus adhd,10,10,5,-50,,20 20 10 10 20 10 20 10 10 10 10 10,suggest_noise_for_adhd.json
what color noise is best for adhd focus,10,10,,0,,10 10 10 10 10 10 10 10 10 10 10 10,suggest_noise_for_adhd.json
best white noise for adhd sleep,10,10,,0,,10 10 20 10 10 10 10 10 10 10 10 10,suggest_noise_for_adhd.json
noise for studying adhd,10,10,,-50,,20 20 10 10 10 20 10 10 10 10 10 10,suggest_noise_for_adhd.json
best brown noise for adhd,10,10,,0,,10 10 10 10 10 10 10 10 0 10 10 10,suggest_noise_for_adhd.json
noise for adhd study,10,10,,0,,10 10 0 10 0 10 10 0 0 0 10 10,suggest_noise_for_adhd.json
noise reducing earplugs for adhd,10,10,19,-67,,10 10 30 10 10 10 10 0 10 10 10 10,suggest_noise_for_adhd.json
brown noise for adhd reddit,10,10,19,0,,10 10 10 10 10 10 10 10 10 10 10 10,suggest_noise_for_adhd.json
brown noise good for adhd,10,10,,0,,10 10 10 10 10 10 10 10 10 10 10 10,suggest_noise_for_adhd.json
brown noise for adhd studying,10,10,,0,,10 10 10 10 10 10 10 10 10 10 10 10,suggest_noise_for_adhd.json
what noise is best for sleep adhd,10,10,8,0,,10 10 10 10 10 10 10 10 10 10 10 10,suggest_noise_for_adhd.json
does brown noise work for adhd,10,0,,-100,,10 10 10 10 10 10 10 10 10 10 10 0,suggest_noise_for_adhd.json
are noise cancelling headphones good for adhd,10,10,,0,,10 10 10 10 10 10 10 10 10 10 10 10,suggest_noise_for_adhd.json
why does brown noise work for adhd,10,10,,0,,10 10 10 10 10 10 10 10 10 10 10 10,suggest_noise_for_adhd.json
black noise for adhd,10,10,,0,,0 0 10 10 10 0 10 10 10 10 10 10,suggest_noise_for_adhd.json
which color noise is best for adhd,10,10,,0,,10 10 10 10 10 10 10 10 10 10 10 10,suggest_noise_for_adhd.json
background noise for adhd focus,10,10,,0,,10 10 10 20 20 10 10 10 10 20 10 10,suggest_noise_for_adhd.json
is pink noise good for adhd,10,10,,0,,10 10 10 10 10 10 10 10 10 10 10 10,suggest_noise_for_adhd.json
calming noise for adhd,10,10,,0,,10 10 10 10 10 10 10 10 10 10 10 10,suggest_noise_for_adhd.json
noise-reducing earplugs for adhd,10,10,19,-67,,10 10 30 10 10 10 10 0 10 10 10 10,suggest_noise_for_adhd.json
best noise cancelling earbuds for adhd,10,10,,0,,10 10 10 10 20 10 10 10 10 10 10 10,suggest_noise_for_adhd.json
what noise is best for adhd focus,10,10,,0,,10 10 10 10 10 10 20 20 10 10 10 10,suggest_noise_for_adhd.json
noise cancelling headphones for adults with adhd,10,10,,0,,10 10 10 20 10 10 10 10 10 10 10 10,suggest_noise_for_adhd.json
white noise for adhd and anxiety,10,0,,0,,0 0 0 10 0 10 10 0 0 0 0 0,suggest_noise_for_adhd.json
noise cancelling headphones for adhd students,10,10,,0,,20 10 10 10 10 10 10 10 10 10 10 10,suggest_noise_for_adhd.json
which noise is best for adhd,10,10,,0,,10 10 10 10 10 10 10 10 10 10 10 10,suggest_noise_for_adhd.json
adhd noise for studying,10,10,,0,,10 10 10 10 10 10 10 10 10 10 10 10,suggest_noise_for_adhd.json
white noise headphones for adhd,10,0,49,-100,,10 10 10 10 10 10 0 10 0 10 10 0,suggest_noise_for_adhd.json
brown noise for adhd download,10,0,,0,,10 10 0 10 10 0 0 10 0 0 0 0,suggest_noise_for_adhd.json
adhd noise for concentration,10,0,,-100,,10 10 10 10 10 0 10 10 10 0 10 0,suggest_noise_for_adhd.json
which noise is best for studying with adhd,10,10,,,,0 0 0 10 10 10 10 10 10 10 10 10,suggest_noise_for_adhd.json
best noise for adhd study,10,10,6,0,,10 10 10 10 10 10 10 10 10 10 10 10,suggest_noise_for_adhd.json
best noise for adhd concentration,10,0,,-100,,10 10 10 10 10 10 10 10 10 10 0 0,suggest_noise_for_adhd.json
what noise is good for adhd,10,10,7,0,,30 20 10 20 20 10 10 10 10 10 10 10,suggest_noise_for_adhd.json
noise for sleep adhd,10,10,5,0,,10 10 10 10 10 10 10 10 10 10 10 10,suggest_noise_for_adhd.json
what noise is best for studying with adhd,10,10,,,,0 0 10 10 10 10 10 10 10 10 10 10,suggest_noise_for_adhd.json
white vs brown noise for adhd,10,0,15,-100,,0 0 0 10 10 10 10 0 0 0 0 0,suggest_noise_for_adhd.json
grey noise for adhd,10,0,,-100,,0 10 10 0 10 10 0 10 10 0 0 0,suggest_noise_for_adhd.json
color noise for adhd,10,20,,100,,20 10 10 10 10 10 10 10 10 10 10 20,suggest_noise_for_adhd.json
why is brown noise good for adhd,10,10,19,0,,10 10 20 10 10 10 10 10 10 10 10 10,suggest_noise_for_adhd.json
natural supplements for adhd child,0,0,,0,,0 0 0 0 0 0 0 0 0 0 0 0,related_adhd_focus.json
best vitamins for adhd child,0,0,,0,,0 0 0 0 0 0 0 0 0 0 0 0,related_adhd_focus.json
adhd supplements for kids,0,0,,0,,0 0 0 0 0 0 0 0 0 0 0 0,related_adhd_focus.json
vibrating timer for adhd students,0,0,38,-100,,0 0 0 0 0 0 0 0 0 0 0 0,suggest_adhd_timer.json
noise for adhd,0,,,,,,suggest_noise_for_adhd.json
adhd timer reddit,0,0,,0,,0 0 0 0 0 0 0 0 0 0 0 0,related_adhd_timer.json
adhd timer app reddit,0,0,,0,,0 0 0 0 0 0 0 0 0 0 0 0,related_adhd_timer.json
