группа;фраза для Директа;фраза;точная;широкая;угол;заметка
A · коричневый шум (имя карточки);коричневый шум;коричневый шум;1870;4216;cveta;"ядро продукта. Хвост: для сна 215, скачать 246, что это 58; всё это срезается минус-словами"
A · коричневый шум (имя карточки);броуновский шум;броуновский шум;19;103;cveta;научное имя коричневого шума, это факт. Хвост «это» (6)
A · коричневый шум (имя карточки);brown noise;brown noise;124;501;cveta;"чистый ключ; хвост: скачать 49, 10 hours 16, что это 14"
A · коричневый шум (имя карточки);soft brown noise;soft brown noise;3;6;cveta;на пороге (точн. 3)
A · коричневый шум (имя карточки);коричневый шум для работы;коричневый шум для работы;3;3;cveta;точное попадание в продукт, объём мал
A · коричневый шум (имя карточки);коричневый шум без рекламы;коричневый шум без рекламы;15;42;cveta;хвост «для сна 10 часов без рекламы» (17) срезается минусами «сон» и «час»
B · розовый шум;розовый шум;розовый шум;2716;8508;cveta;хвост: для сна 195, для новорожденных 175, скачать 361, настройка акустики 51. Нужны минус-слова
B · розовый шум;розовый шум без рекламы;розовый шум без рекламы;22;84;cveta;«без рекламы» есть в листинге. Хвост: для сна / для новорожденных — срезается минус-словами
B · розовый шум;розового шума генератор;розового шума генератор;25;248;cveta;дубли: «генератор розового шума» 20/141, «розовый шум генератор» 21/248. В Директе порядок слов не важен — можно вписать в естественном порядке
B · розовый шум;pink noise generator;pink noise generator;4;12;cveta;дубли в другом порядке слов по 4/12
C · белый шум — голый, своя низкая ставка;белый шум;белый шум;156427;413482;cveta;самый большой и самый грязный ключ: фильм «Белый шум» (9920 + 8724), «Сияние» 1326, «белый шум 2» 681, скачать 3496, младенцы, пылесос/фен/поезд. Брать только с полным списком минус-слов и низкой ставкой
D · белый шум + задача или свойство;белый шум без рекламы;белый шум без рекламы;622;11414;critic;KEEP, тот же класс, что уже взятые «розовый/коричневый шум без рекламы», а по объёму крупнее обоих вместе. «Без рекламы» — факт продукта. Широкая почти целиком — младенцы, сон и «10 часов», режется минусами. Хвост «белый шум слушать без рекламы» 117 — в SPORNO-группу «слушать».
D · белый шум + задача или свойство;белый шум для учебы;белый шум для учебы;170;343;cveta;"сырьё соседнего угла: fon__shum-dlya-ucheby.csv; в топ-1000 «белый шум» не попала. Хвост: скачать 19"
D · белый шум + задача или свойство;белый шум для концентрации;белый шум для концентрации;59;278;cveta;"сырьё: fon__shum-dlya-koncentracii.csv; широкое соответствие покрывает «…внимания» (47/79) и «…при сдвг» (5/31)"
D · белый шум + задача или свойство;белый шум для концентрации внимания;белый шум для концентрации внимания;47;79;sdvg;
D · белый шум + задача или свойство;белый шум для концентрации при сдвг;белый шум для концентрации при сдвг;5;31;fokus;ядро (СДВГ). Короткое «белый шум при сдвг» Буквариксом не проверяли
D · белый шум + задача или свойство;белый шум для изучения и концентрации;белый шум для изучения и концентрации;13;16;sdvg;близкий по смыслу «белый шум для учебы и концентрации» 17/6 — не брать
D · белый шум + задача или свойство;белый шум для работы;белый шум для работы;58;156;cveta;"сырьё: adhd__shum-dlya-raboty.csv; покрывает «…в офисе» (7/8)"
D · белый шум + задача или свойство;белый шум для работы в офисе;белый шум для работы в офисе;7;8;sdvg;близкая «белый шум для офиса» 20/4 — дубль по смыслу
D · белый шум + задача или свойство;белый шум для офиса;белый шум для офиса;4;20;cveta;"сырьё: adhd__shum-ofisa.csv; есть пресет open office"
D · белый шум + задача или свойство;белый шум для сосредоточения;белый шум для сосредоточения;8;13;cveta;сырьё: adhd__shum-dlya-sosredotocheniya.csv
D · белый шум + задача или свойство;белый шум для сдвг;белый шум для сдвг;1;38;cveta;"проходит по широкой ≥30; ядро СДВГ. Сырьё: adhd__shum-dlya-sdvg.csv"
D · белый шум + задача или свойство;белый шум для чтения;белый шум для чтения;36;101;critic;KEEP: пресет deep reading.
D · белый шум + задача или свойство;белый шум для чтения книг;белый шум для чтения книг;21;27;critic;KEEP, но минус «книга» из угла «цвета» его режет — заменить минус.
D · белый шум + задача или свойство;белый шум с таймером;белый шум с таймером;15;108;cveta;"таймер есть; сырьё: timer__tajmer-shum.csv. Проверить хвост на «для сна»"
D · белый шум + задача или свойство;белый шум фоновый;белый шум фоновый;14;170;cveta;дубли: «фоновый белый шум» 5/109, «белый шум фоновый режим» 6/49
D · белый шум + задача или свойство;чистый белый шум;чистый белый шум;29;222;cveta;шум сгенерирован, записей нет, поэтому «чистый» — это факт
D · белый шум + задача или свойство;белый шум +от соседей;белый шум от соседей;5;41;cveta;сырьё: adhd__belyj-shum-ot-sosedej.csv. «от» — стоп-слово, поэтому ключ покажется и на «белый шум для соседей» (4/18, шум соседям назло, чужой интент)
D · белый шум + задача или свойство;генератор белого шума +от соседей;генератор белого шума от соседей;11;16;cveta;есть ручка маскировки и пресет thin walls
E · генераторы;генератор шума;генератор шума;322;11206;cveta;СМЕШАННЫЙ: много железа (Покров 257, Пульсар 38, ОКОФ, СВЧ, ПЭМИН, речевой). При широком соответствии ловит и «шум генератора» (13044 шир.) — это шум автомобильного/дизельного генератора. Держится только с минус-словами из групп «железо» и «авто»
E · генераторы;генератор белого шума;генератор белого шума;343;1981;cveta;внутри есть железо: ГБШ-750 (55), Китфорт (19), BabyGo (25), купить (74), схема (26). Нужны минус-слова
E · генераторы;генератор белого шума для взрослых;генератор белого шума для взрослых;11;59;cveta;"ядро — взрослые; часть хвоста — сон взрослых, срезается минусом «сон»"
E · генераторы;генератор фонового шума;генератор фонового шума;3;12;cveta;на пороге
E · генераторы;white noise generator;white noise generator;6;21;cveta;
F · три цвета вместе;белый шум розовый шум;белый шум розовый шум;59;632;cveta;дубли: «белый шум и розовый шум» 40/240, «розовый шум и белый шум» 31/221. Хвост «отличия» (38) срезается минусом «отличие»
F · три цвета вместе;белый шум коричневый шум розовый шум;белый шум коричневый шум розовый шум;23;124;cveta;"все перестановки по 18–23; прямое совпадение с продуктом"
F · три цвета вместе;белый и коричневый шум;белый и коричневый шум;10;136;cveta;дубли: «белый коричневый шум» 5/273
F · три цвета вместе;коричневый и розовый шум;коричневый и розовый шум;7;62;cveta;дубль: «розовый и коричневый шум» 6/60
G · фон для работы, учёбы, чтения, СДВГ;звук для учебы;звук для учебы;36;395;fokus;дубль по числу: «звуки для учебы» 395/28
G · фон для работы, учёбы, чтения, СДВГ;звук для концентрации;звук для концентрации;18;262;fokus;покрывает «звук для концентрации внимания» 100/28 и «звуки для концентрации внимания» 100/9. Дубль «звуки для концентрации» 262/6
G · фон для работы, учёбы, чтения, СДВГ;звук для концентрации внимания;звук для концентрации внимания;28;100;sdvg;дубль «звуки для концентрации внимания» 100/9
G · фон для работы, учёбы, чтения, СДВГ;фоновый шум для учебы;фоновый шум для учебы;15;27;fokus;дубль по порядку слов: «шум для учебы фоновый» 27/15
G · фон для работы, учёбы, чтения, СДВГ;шум +для учебы;шум для учебы;12;365;fokus;
G · фон для работы, учёбы, чтения, СДВГ;звуки +для работы;звуки для работы;12;4031;fokus;порядок «для работы звуки» даёт 13. Широкая сильно раздута запросом «звук работы ПВО» 1910/377 и звуками техники. Обязательно «звуки +для работы» и минус-слова
G · фон для работы, учёбы, чтения, СДВГ;шум +для работы;шум для работы;6;1568;fokus;широкая раздута запросом «шум работы» 15159 (стройка, кондиционер, холодильник). Директ считает «для» стоп-словом, поэтому ставить «шум +для работы» или в кавычках и с минус-словами
G · фон для работы, учёбы, чтения, СДВГ;фоновый звук для чтения;фоновый звук для чтения;9;24;fokus;подходит к пресету deep reading
G · фон для работы, учёбы, чтения, СДВГ;фоновый звук для учебы;фоновый звук для учебы;4;16;fokus;дубль по смыслу: «звуки на фон для учебы» 25/3
G · фон для работы, учёбы, чтения, СДВГ;шум +для концентрации;шум для концентрации;7;359;fokus;покрывает «шум для концентрации внимания» 101/16. Широкая раздута запросами вида «концентрация шума» (нормативы) — нужны минус-слова норм/допустим/предельн
G · фон для работы, учёбы, чтения, СДВГ;шум для концентрации внимания;шум для концентрации внимания;16;101;sdvg;
G · фон для работы, учёбы, чтения, СДВГ;шум +для сосредоточения;шум для сосредоточения;3;56;sdvg;
G · фон для работы, учёбы, чтения, СДВГ;звук для сосредоточения;звук для сосредоточения;7;26;critic;KEEP, мало. «звуки для сосредоточения» 26/3 — дубль.
G · фон для работы, учёбы, чтения, СДВГ;шум +для чтения;шум для чтения;25;367;critic;KEEP с «+для»: «шум чтения» 510/0 — шум при чтении диска, поэтому минус «диск».
G · фон для работы, учёбы, чтения, СДВГ;шум для чтения книг;шум для чтения книг;19;87;critic;KEEP (тот же конфликт с «книгой»).
G · фон для работы, учёбы, чтения, СДВГ;звук для чтения книг;звук для чтения книг;22;129;critic;KEEP. Покрывает «звуки для чтения книг без слов» 19/15.
G · фон для работы, учёбы, чтения, СДВГ;звук для сдвг;звук для сдвг;13;111;sdvg;«звук сдвг» 298/9 — дубль, брать эту. Риск: модерация Директа может отнести к медицинской тематике — в объявлении не обещать лечения
G · фон для работы, учёбы, чтения, СДВГ;звук для людей с сдвг;звук для людей с сдвг;4;7;sdvg;
— не берём (автор 29.09): T · таймер (по желанию);таймер для учебы;таймер для учебы;404;1214;tajmer;Главная фраза угла. «таймер учебы» (1283/76) для Директа то же самое: предлог «для» он не учитывает, поэтому одной фразы достаточно.
— не берём (автор 29.09): T · таймер (по желанию);таймер для работы;таймер для работы;33;769;tajmer;Широкая частота раздута мусором вида «принцип работы таймера» и «работа с таймером в C». Без минус-слов из блока «техника/провайдер» группа будет сливать бюджет.
— не берём (автор 29.09): T · таймер (по желанию);таймер для работы за компьютером;таймер для работы за компьютером;18;36;tajmer;Дубль по смыслу: «таймер работы за компьютером» 65/10.
— не берём (автор 29.09): T · таймер (по желанию);расширение таймер;расширение таймер;18;198;tajmer;Дубль: «таймер расширение» 191/18. Часть хвостов про Яндекс Браузер — закрывается минусом «яндекс» по канону.
— не берём (автор 29.09): T · таймер (по желанию);фокус таймер;фокус таймер;16;120;tajmer;Дубль: «таймер фокус» 118/14.
— не берём (автор 29.09): T · таймер (по желанию);focus timer;focus timer;43;167;critic;KEEP 🔶, латиница (англ. Extra-ключ продукта). Хвосты — мобильные приложения Study Bunny 8 и Focus Flight 6, поэтому минусы bunny и flight.
— не берём (автор 29.09): T · таймер (по желанию);учебный таймер;учебный таймер;11;36;tajmer;
— не берём (автор 29.09): T · таймер (по желанию);таймер для учебы для пк;таймер для учебы для пк;8;28;tajmer;Запрос с компьютера — как раз наш случай. Дубль: «таймер для учебы на пк» 23/5.
— не берём (автор 29.09): T · таймер (по желанию);таймер в браузере;таймер в браузере;8;76;tajmer;Дубли: «таймер браузер» 145/2, «браузер таймер» 230/2 (их широкая частота — в основном «таймер выключения браузера»). Нужны минусы выключ/закры.
— не берём (автор 29.09): T · таймер (по желанию);таймер фокусировки;таймер фокусировки;5;65;tajmer;
— не берём (автор 29.09): T · таймер (по желанию);концентрация таймер;концентрация таймер;5;119;tajmer;«концентрация внимания таймер» 14/1 — ниже порога.
— не берём (автор 29.09): T · таймер (по желанию);таймер для пк для работы;таймер для пк для работы;3;10;tajmer;Дубль: «таймер для работы на пк» 5/3. Проходит по порогу впритык.
— не берём (автор 29.09): T · таймер (по желанию);таймер сдвг;таймер сдвг;3;43;tajmer;Прямо про ядро аудитории. В тексте объявления — без обещаний эффекта.
— не берём (автор 29.09): T · таймер (по желанию);таймер продуктивности;таймер продуктивности;2;30;tajmer;Проходит только по широкой частоте (ровно 30). «таймер для продуктивности» 16/1 — дубль.
S · слушать / онлайн (решение автора 29.09 — отдельной группой, низкая ставка);белый шум слушать;белый шум слушать;10401;70218;sporno→S;группа «слушать»: человек хочет звук сразу, а у нас сначала установка расширения. Факт не нарушен, но в установку такой клик переходит под вопросом. Дубль в другом порядке — «слушать белый шум» 9565/68493
S · слушать / онлайн (решение автора 29.09 — отдельной группой, низкая ставка);белый шум слушать онлайн;белый шум слушать онлайн;1198;6055;sporno→S;"группа «онлайн»: ждут сайт или плеер, а у нас расширение; внутри много «дети онлайн»"
S · слушать / онлайн (решение автора 29.09 — отдельной группой, низкая ставка);розовый шум слушать;розовый шум слушать;919;1496;sporno→S;группа «слушать», см. выше
S · слушать / онлайн (решение автора 29.09 — отдельной группой, низкая ставка);включить белый шум;включить белый шум;667;3424;sporno→S;голосовые помощники и немедленное воспроизведение. «включи» и «включить» — одна словоформа для Директа, поэтому отдельно заминусовать «включи» не получится: решение о слове «включить» целиком за автором
S · слушать / онлайн (решение автора 29.09 — отдельной группой, низкая ставка);белый шум онлайн;белый шум онлайн;491;9524;sporno→S;группа «онлайн»
S · слушать / онлайн (решение автора 29.09 — отдельной группой, низкая ставка);коричневый шум слушать;коричневый шум слушать;460;696;sporno→S;"группа «слушать»; для коричневого самый крупный хвост после самой фразы"
S · слушать / онлайн (решение автора 29.09 — отдельной группой, низкая ставка);розовый шум слушать онлайн;розовый шум слушать онлайн;57;175;sporno→S;группа «онлайн»
S · слушать / онлайн (решение автора 29.09 — отдельной группой, низкая ставка);онлайн генератор шума;онлайн генератор шума;39;156;sporno→S;группа «онлайн»: генератор совпадает с продуктом, но ждут сайт. Дубль: «генератор шума онлайн» 34/139
S · слушать / онлайн (решение автора 29.09 — отдельной группой, низкая ставка);коричневый шум слушать онлайн;коричневый шум слушать онлайн;36;92;sporno→S;группа «онлайн»
S · слушать / онлайн (решение автора 29.09 — отдельной группой, низкая ставка);генератор белого шума онлайн;генератор белого шума онлайн;25;54;sporno→S;группа «онлайн», дубли 14–17
S · слушать / онлайн (решение автора 29.09 — отдельной группой, низкая ставка);белый шум для концентрации внимания слушать;белый шум для концентрации внимания слушать;22;22;sporno→S;"то же «слушать»; точная = широкая, чистый хвост"
S · слушать / онлайн (решение автора 29.09 — отдельной группой, низкая ставка);белый шум для работы слушать;белый шум для работы слушать;20;28;sporno→S;"«Слушать» = включить онлайн. Расширение звучит сразу, но человек, возможно, ищет страницу или видео, а не установку. Дубль «белый шум слушать для работы» 28/20; ещё «белый шум для концентрации внимания слушать» 22/22"
S · слушать / онлайн (решение автора 29.09 — отдельной группой, низкая ставка);brown noise слушать;brown noise слушать;14;19;sporno→S;группа «слушать»
S · слушать / онлайн (решение автора 29.09 — отдельной группой, низкая ставка);генератор розового шума онлайн;генератор розового шума онлайн;10;13;sporno→S;группа «онлайн»
