вид;фраза;точная;широкая;почему спорно
помодоро и «таймер онлайн / 25 минут»;таймер онлайн;35768;49155;Самый большой объём угла, но это общий обратный отсчёт: кухня, спорт, «поставь на N минут». Длин у нас пять фиксированных, плюс нужна установка. Мой совет — не брать: при низкой ставке всё равно сольёт бюджет на нецелевые клики. Дубль: «онлайн таймер» 52384/38261.
помодоро и «таймер онлайн / 25 минут»;помодоро таймер;1365;2264;Главная развилка угла. По DECISIONS продукт «анти-помодоро»: нет перерывов 25/5 (поэтому помодоро убрали из имени 07-24). Но в продукте есть сессия на 25 минут, до 26.09 помодоро стояло в именах локалей, а по DECISIONS 07-16 «pomodoro» в спросе — это слово-категория. Дубль: «таймер помодоро» 2151/1250. Нужны минусы-омонимы: пицца, паста, города.
помодоро и «таймер онлайн / 25 минут»;25 минут таймер;748;1560;В продукте длина 25 минут есть, но запрос обычно «поставь таймер сейчас» (в хвостах «алиса поставь…»). Дубли: «таймер 25 минут» 1361/616, «таймер на 25 минут» 590/354. Большой объём, намерение не проверено.
помодоро и «таймер онлайн / 25 минут»;pomodoro timer;444;751;Развилка помодоро, латиница в русской базе.
помодоро и «таймер онлайн / 25 минут»;таймер помодоро онлайн;332;368;Та же развилка помодоро плюс «онлайн»: человек хочет таймер прямо на странице, без установки. Дубль: «помодоро таймер онлайн» 366/322.
помодоро и «таймер онлайн / 25 минут»;таймер онлайн для учебы;101;222;Про учёбу подходит, но «онлайн» значит «страница без установки» — решение за автором (как «белый шум онлайн» в других углах). Дубль: «таймер для учебы онлайн» 222/101.
помодоро и «таймер онлайн / 25 минут»;pomodoro таймер;96;245;Развилка помодоро. Дубль: «таймер pomodoro» 166/63.
помодоро и «таймер онлайн / 25 минут»;pomodoro timer online;47;49;Развилка помодоро плюс «онлайн».
помодоро и «таймер онлайн / 25 минут»;таймер помодоро эстетичный;40;50;Развилка помодоро. Дубль: «помодоро эстетичный таймер» 50/40.
помодоро и «таймер онлайн / 25 минут»;метод помодоро таймер;21;48;Развилка помодоро. Прямо про метод, а у нас нет циклов работа/перерыв.
помодоро и «таймер онлайн / 25 минут»;помодоро приложение;19;101;Развилка помодоро плюс «приложение» — по-русски это чаще телефон. Дубль: «приложение помодоро» 99/18.
помодоро и «таймер онлайн / 25 минут»;таймер для учебы помодоро;13;20;Развилка помодоро. Про учёбу подходит.
помодоро и «таймер онлайн / 25 минут»;помодоро на пк;8;35;Развилка помодоро. Из всей помодоро-группы это лучший по намерению ключ: десктоп.
«слушать / онлайн / включить»;белый шум слушать;10401;70218;группа «слушать»: человек хочет звук сразу, а у нас сначала установка расширения. Факт не нарушен, но в установку такой клик переходит под вопросом. Дубль в другом порядке — «слушать белый шум» 9565/68493
«слушать / онлайн / включить»;белый шум слушать онлайн;1198;6055;"группа «онлайн»: ждут сайт или плеер, а у нас расширение; внутри много «дети онлайн»"
«слушать / онлайн / включить»;розовый шум слушать;919;1496;группа «слушать», см. выше
«слушать / онлайн / включить»;включить белый шум;667;3424;голосовые помощники и немедленное воспроизведение. «включи» и «включить» — одна словоформа для Директа, поэтому отдельно заминусовать «включи» не получится: решение о слове «включить» целиком за автором
«слушать / онлайн / включить»;белый шум онлайн;491;9524;группа «онлайн»
«слушать / онлайн / включить»;коричневый шум слушать;460;696;"группа «слушать»; для коричневого самый крупный хвост после самой фразы"
«слушать / онлайн / включить»;аудио белый шум;180;557;группа «звук/аудио»: скорее аудиофайл
«слушать / онлайн / включить»;розовый шум слушать онлайн;57;175;группа «онлайн»
«слушать / онлайн / включить»;онлайн генератор шума;39;156;группа «онлайн»: генератор совпадает с продуктом, но ждут сайт. Дубль: «генератор шума онлайн» 34/139
«слушать / онлайн / включить»;коричневый шум слушать онлайн;36;92;группа «онлайн»
«слушать / онлайн / включить»;генератор белого шума онлайн;25;54;группа «онлайн», дубли 14–17
«слушать / онлайн / включить»;белый шум для концентрации внимания слушать;22;22;"то же «слушать»; точная = широкая, чистый хвост"
«слушать / онлайн / включить»;белый шум для работы слушать;20;28;"«Слушать» = включить онлайн. Расширение звучит сразу, но человек, возможно, ищет страницу или видео, а не установку. Дубль «белый шум слушать для работы» 28/20; ещё «белый шум для концентрации внимания слушать» 22/22"
«слушать / онлайн / включить»;brown noise слушать;14;19;группа «слушать»
«слушать / онлайн / включить»;таймер концентрации для учебы онлайн;12;12;Ядро (концентрация, учёба) плюс «онлайн».
«слушать / онлайн / включить»;таймер для работы онлайн;11;22;«Онлайн». Дубль: «онлайн таймер для работы» 25/11.
«слушать / онлайн / включить»;генератор розового шума онлайн;10;13;группа «онлайн»
«слушать / онлайн / включить»;шум онлайн;8;32562;точная 8, а широкая раздута чужими звуками (дождь, море, измерить шум онлайн). Широким соответствием брать нельзя
музыка;музыка для концентрации;475;9476;Самый большой спрос в угле (сумма точных по выдаче около 9 тыс., «музыка для работы за компьютером для концентрации внимания» 4854/3790). Люди те же — работа и учёба за компьютером, — но ищут МУЗЫКУ, а продукт не музыка. Показывать можно, только если объявление честно говорит «не музыка, а шум». Решение за автором. Если автор против — «музыка» идёт в минус-слова
музыка;фоновая музыка для работы за компьютером для концентрации внимания;266;276;То же, что музыка для концентрации, но со словом «фоновая». Очень точно про нашу аудиторию, по сути это всё равно запрос музыки
музыка;музыка для работы фоном;87;1088;"самый большой целевой по ситуации запрос угла, но продукт — не музыка (закон слов); показ по нему не лжёт, пока в объявлении «шум», но ищущий хочет треки. Если «нет» — минус-слово «музыка»"
музыка;музыка сдвг;33;451;то же: СДВГ-аудитория ядра, но ищут музыку, а у нас сгенерированный шум
музыка;эмбиент для работы;10;37;Эмбиент — музыкальный жанр («эмбиент музыка для работы» 18/8). У продукта есть мягкий тоновый слой, но это не музыка
музыка;фоновый звук без музыки;6;132;Скорее для видео, но может быть и фон для работы без музыки. Неясно
музыка;музыка для концентрации при сдвг;4;6;Ядро (СДВГ), но ищут музыку
записи офиса и кафе;офис шум;63;987;Ищут звук офиса («шум офиса» 930/36, «звук офиса шум офиса» 96/36, «шум офиса фоновый звук» 29/25): часто для удалёнки, часто для видео. Пресет open office — это настройка шума под офис, а не запись офиса. Словами объявления это обещание не закрыть
записи офиса и кафе;кафе шум;44;925;«шум кафе» 919/33, «звук шум кафе» 45/9. Есть пресет café, но это не запись кафе. Часть спроса — жалобы на шумное кафе (минус-слова это отсекут)
записи офиса и кафе;шум офиса;36;930;"ищут ЗАПИСЬ атмосферы офиса (ролики, «скачать»); у нас пресет open office — настройка шума, не запись офиса"
записи офиса и кафе;звук работы в офисе;15;33;то же: запись офисной атмосферы
статьи и советы;как сконцентрироваться;61;1461;"совет/статья + «как пишется сконцентрироваться» в хвосте; склоняюсь к DROP"
статьи и советы;как сосредоточиться на работе;59;499;"интент — совет/статья; ищущий статью редко ставит расширение (склоняюсь к DROP)"
статьи и советы;как сконцентрироваться на учебе;53;118;"совет/статья, но учёба — наш сценарий; склоняюсь к DROP"
статьи и советы;как заглушить шум от соседей;10;24;маскировка — реальная функция (thin walls), но большинство ищет шумоизоляцию или способ уснуть (сон не ядро)
статьи и советы;как заглушить шум с улицы;6;12;то же: совет по изоляции vs маскировка шумом
прочее;сдвг;81523;460007;"гигантский объём, но интент — узнать о расстройстве (симптомы, тест, лечение, песня «СДВГ» 4269/840); при широком соответствии съест бюджет кликами без установок; риск медицинской модерации в Директе. Если брать — только с плотным списком минус-слов ниже"
прочее;звук белый шум;687;6600;группа «звук/аудио»: хотят звук сразу, возможно файл. Дубли: «белый шум звук» 659, «звук белого шума» 376
прочее;мягкий белый шум;590;1962;в основном младенцы и сон. У продукта есть мягкий тон, но белый шум в нём не обязательно «мягкий». Дубль: «белый шум мягкий» 487
прочее;white noise;308;3856;латиница, спрос в основном чужой: песни (PVRIS, Disclosure, Linkin Park), фильм, игры (Silent Hill, Minecraft), перевод
прочее;красивый таймер;196;1050;Общий запрос, хвосты «онлайн на весь экран», «на стрим». Дубль: «таймер красивый» 1024/180.
прочее;помидор таймер;188;1074;Развилка помодоро. Дубль: «таймер помидора» 891/33. В хвостах кухонные таймеры и таймер полива «Синьор помидор» — нужны минусы «кухонный», «полив».
прочее;фоновый звук;182;10508;Общая фраза. В выдаче в основном звуки для видео, монтажа и игр («фоновый звук для видео» 601/123). Брать можно только с большим списком минус-слов, автотаргетинг может увести
прочее;таймер эстетичный для учебы;177;310;«Эстетичный» — оценка вкуса, а не функция. Тот же агент голые «эстетичный таймер» и «таймер помодоро эстетичный» отнёс в SPORNO. Хвост «на весь экран» 37 из 177 — полноэкранные таймеры и ролики, а у нас боковая панель. Вкус решает автор. Дубли: «эстетичный таймер для учебы» 159.
прочее;таймер пк;175;12753;Двусмысленно: таймер выключения ПК или таймер на рабочий стол. Широкая частота почти целиком про выключение. Дубль: «пк таймер» 13000/168.
прочее;pink noise;165;949;латиница: игра Pink Noise (46), калибровка акустики (wav, vst)
прочее;фоновый шум;150;6376;двойной интент: одни хотят фоновый шум для работы, многие — УБРАТЬ фоновый шум из микрофона или видео («как убрать фоновый шум микрофона» 62). Только с минусами «убрать» и «микрофон»
прочее;эстетичный таймер;117;926;Нет контекста работы или учёбы, «эстетичный» — оценка вкуса. В хвостах «на весь экран» и «на час» (60 минут у нас нет). Дубль: «таймер эстетичный» 926/114.
прочее;красный шум;115;1402;в физике красный шум — синоним коричневого, но в продукте он так не назван. Хвост: клевер от шума в ушах, фильм 1962
прочее;таймер на компьютер;108;20673;Та же двусмысленность, что у «таймер пк». Если минус «выключ/отключ» уберёт выключение, останется второй смысл — таймер на рабочий стол.
прочее;белый шум долгий;78;200;«долгий» и «длинный» — обычно многочасовые видео для сна. Режим «бесконечно» у продукта есть. Дубль: «долгий белый шум» 76
прочее;таймер для компьютера;77;930;Двусмысленно, как «таймер на компьютер».
прочее;длинный белый шум;45;536;то же, что «долгий»
прочее;белый шум фон;45;393;по широкой ловит «белый фон» (картинки). Чище «белый шум фоновый» (в KEEP)
прочее;бесконечный таймер;38;325;Режим ∞ у нас есть, но что ищут этим запросом, не проверено (возможно, зацикленный таймер или счётчик вверх). «таймер бесконечный» 785/103.
прочее;белый шум в фоновом режиме;35;40;Агенты разошлись: у «цвета» фраза в KEEP, у «фокуса» в SPORNO. «Фоновый режим» обычно значит телефон или YouTube, играющий в фоне. Точная почти равна широкой (35/40), то есть это одна конкретная фраза, похожая на голосовую команду. Кроме того, её режет минус-слово «режим» из таймерного угла.
прочее;красивый таймер для учебы;35;106;То же, что «эстетичный»: оценка вкуса, в хвостах «на весь экран» (35 точных).
прочее;виды шумов по цветам;32;66;справочный интерес к цветам шума. Продукт как раз даёт три цвета послушать, но интент — узнать, а не поставить
прочее;успокаивающий белый шум;28;10599;почти всё — младенцы и сон (широкая раздута именно ими)
прочее;не могу сосредоточиться на работе;26;239;"жалоба/самодиагностика; хвост уходит в «как называется болезнь»; склоняюсь к DROP"
прочее;приложение для учебы таймер;22;99;Про учёбу подходит, но «приложение» — чаще телефон, а мы расширение только для компьютера.
прочее;фон для работы;21;3531;"почти всё — музыка фоном и фоны для презентаций; наш смысл тонет"
прочее;программа таймер для компьютера;18;100;«Программа» — ждут устанавливаемую программу (exe), а мы расширение. Близкое: «приложение таймер для компьютера» 42/16.
прочее;цвета шума;15;1891;"справочный; широкая раздута «шумом цветов» на фото"
прочее;белый шум приложение;14;213;«приложение» обычно значит телефон. Мобильные −100% телефоны отсекают, но слово обещает приложение. Дубль: «приложение белый шум» 13
прочее;бесконечный белый шум;13;36;«Бесконечный», «долгий» и «длинный» — один класс: многочасовые ролики для сна. «Долгий» и «длинный» «цвета» уже вынесли в SPORNO, а эту фразу оставили в KEEP. «Бесконечный таймер» в таймерном угле тоже в SPORNO. Режим ∞ в продукте есть, поэтому решать всю группу разом (13 точных).
прочее;таймер для работы и отдыха;12;21;Человек ищет чередование работы и отдыха, а его у нас нет (та же развилка, что с помодоро). Дубль: «таймер работы и отдыха» 74/9.
прочее;белый шум программа;12;172;«Программа» — ждут устанавливаемую exe-программу. Таймерный угол по той же логике отнёс в SPORNO «программа таймер для компьютера» (18). Держать одинаково. Дубль «программа белого шума» 6/205.
прочее;белый шум сайт;8;132;ждут сайт, а у нас расширение
прочее;звук для работы мозга;6;33;Обещание стимулировать мозг (герцы, бинауральные ритмы). Ручка «стимуляция» у нас — ручка шума, не частоты для мозга. Если брать, то без такого обещания
прочее;фоновый звук кофейни;5;16;Тот же вопрос, что с кафе: ищут атмосферу кофейни, а у нас пресет, не запись
прочее;приложение с фоновыми шумами;4;21;«Приложение» часто значит телефон. Расширение — не приложение для телефона
прочее;звук концентрации;4;507;"широкая раздута физикой «концентрация звука»; точная 4"
прочее;белый шум для соседей;4;18;двусмысленно: заглушить соседей или досадить им («звуки для соседей ... звук телевизора» 6/6)
прочее;чем заглушить шум;3;188;"широкая набита «в ушах/в голове/на видео/генератора»; точная 3 — возможно наш человек"
прочее;звук от сдвг;3;24;"«от» = лечение; объявление не может этого обещать"
прочее;звук успокаивающий сдвг;3;7;«Успокаивающий» при СДВГ — обещание эффекта, и 🔶 часть запросов про детей. Это тот же класс, что SPORNO «звук от сдвг». Точная 3 — на пороге.
прочее;генератор маскирующего шума;2;72;маскировка в продукте есть, но фраза обычно про защиту переговорных от прослушки (железо)
прочее;коричневый шум для сдвг;2;3;"самое точное попадание в продукт (коричневый + СДВГ), но точная 2 < порога 3 и широкая 3 < 30; взять ли как «флаг» — решение автора"
прочее;маскировка шума;1;74;"слово ровно про нашу ручку, но база — приборы от шума в ушах и B2B-системы маскировки речи; только с минус «ушах, прибор, система, сигнал»"
прочее;сдвг приложения;1;154;ищут инструменты для СДВГ (ядро), но «приложения» чаще про телефон — а у нас только компьютер
прочее;генератор коричневого шума;0;10;"точное имя продукта (Brown Noise Generator), но спроса по базе нет. По порогу не проходит; держать можно — ключ без показов ничего не стоит"
