zapros,title,users,naushniki,v_kratkom,dlina,fragment,url
brown noise,Brown Noise Player,5,0,,2263,,https://chromewebstore.google.com/detail/brown-noise-player/nilokpoaolcdgflmppkjeebbnnomdhdb
brown noise,Noise Generator,411,0,,1423,,https://chromewebstore.google.com/detail/noise-generator/fnkehfbnlkommkgoeoimnmejbgpkglpn
brown noise,"FocusRoom — New Tab Lo-Fi, Rain &amp; Brown Noise",23,0,,1746,,https://chromewebstore.google.com/detail/focusroom-%E2%80%94-new-tab-lo-fi/abdbfpjegnmkbhjpcokkllbifmcalgpo
brown noise,Nature Sounds and White Noise,1000,0,,2611,,https://chromewebstore.google.com/detail/nature-sounds-and-white-n/ighpalmfhapdoedfcjhimbnmekijacaj
brown noise,White Noise Generator,1000,0,,4318,,https://chromewebstore.google.com/detail/white-noise-generator/lgcoknaihmdgdjdcdpjaagdkbpelndbk
brown noise,Noise Level Monitor,129,0,,1962,,https://chromewebstore.google.com/detail/noise-level-monitor/fbdahdedckfoiommbcldkgpomdbbakga
brown noise,Neurorite - White Noise Generator,13,8,,4980," volume control from the toolbar Pro (optional paid upgrade) Unlock more ambient soundscapes and binaural-style tones designed to pair with headphones. Layer up to 2 sounds playing at any time. Rain: soft, steady rainfall texture Fan: air / mechanical hum style ambience Ocean: slow-moving surf and l",https://chromewebstore.google.com/detail/neurorite-white-noise-gen/ehccppdamhaidofjohaendmhkhblhfgn
brown noise,Smartnoise - Visual,43,0,,1332,,https://chromewebstore.google.com/detail/smartnoise-visual/ajkddlkanidfdfiobgaffbkbpogadnfl
brown noise,Noise Maker,47,0,,4648,,https://chromewebstore.google.com/detail/noise-maker/keakhcnbhioaeejjlbhaiiomdmmeokof
brown noise,Focus Sounds – Ambient Noise,4,0,,1742,,https://chromewebstore.google.com/detail/focus-sounds-%E2%80%93-ambient-no/cmgmgelenkpimiomococadgbdibcpddc
white noise,White Noise,50,0,,2563,,https://chromewebstore.google.com/detail/white-noise/ladkmbnndcklgkkolkdflpgomonmmbce
white noise,White Noise for Google Chrome™,2000,0,,2307,,https://chromewebstore.google.com/detail/white-noise-for-google-ch/pbfcingikdiombagiepoidhadecbejib
white noise,White Noise Sound,22,0,,4409,,https://chromewebstore.google.com/detail/white-noise-sound/gdjiidgibdjdgakkgcicbenldlipimkd
white noise,Minimalist white noise,49,0,,1026,,https://chromewebstore.google.com/detail/minimalist-white-noise/hfgioeokhpakbpgkohgphhhimgkhjjkd
white noise,White Noise Player,,0,,2302,,https://chromewebstore.google.com/detail/white-noise-player/oifejcppcndodjkgpfoohnemndobokhg
white noise,AttainMate - White Noise &amp; Pomodoro Timer,398,0,,2632,,https://chromewebstore.google.com/detail/attainmate-white-noise-po/hljpnbabhaomedbbpmknmhjmbbhbgnod
white noise,White Noise Player,119,0,,4050,,https://chromewebstore.google.com/detail/white-noise-player/nlbbjhhdcaccoegafffppogbkepmemdj
white noise,White Noise Sound App,49,0,,2733,,https://chromewebstore.google.com/detail/white-noise-sound-app/kbamloahffgamokeejodkkcpkhmebikd
noise generator,Custom Noise Generator,24,0,,2859,,https://chromewebstore.google.com/detail/custom-noise-generator/aoaleemfjniieigilohfiiphelllempc
noise generator,Ambient sound,3000,0,,4524,,https://chromewebstore.google.com/detail/ambient-sound/bmglkahbpcbonlldegoioghanefghfld
noise generator,HealthCheck – Tinnitus Sound Relief,2,0,,2316,,https://chromewebstore.google.com/detail/healthcheck-%E2%80%93-tinnitus-so/afpnhlajfhjiaphdepeonamnljfhlpmd
focus sounds,Focus Sounds,21,0,,1334,,https://chromewebstore.google.com/detail/focus-sounds/lmhigafnplnkcajndfikkgmbmnlhpomm
focus sounds,"Wallsflow New Tab: Live Wallpapers, Widgets &amp; Focus Music",300000,0,,5290,,https://chromewebstore.google.com/detail/wallsflow-new-tab-live-wa/onablhclbgaihanifkenpggjkkgdpnkk
focus sounds,Noise Cancelling App,40000,0,,3554,,https://chromewebstore.google.com/detail/noise-cancelling-app/njmhcidcdbaannpafjdljminaigdgolj
focus sounds,ABF (Audio Brain Focus),391,0,,2110,,https://chromewebstore.google.com/detail/abf-audio-brain-focus/ohlfpeiaekgemgbffdkahiljfemoifcl
focus sounds,"Nuro: Binaural Beats, Ambient Noise &amp; Focus",13,0,,3533,,https://chromewebstore.google.com/detail/nuro-binaural-beats-ambie/ejdmnenkjeafokickkjpbenhahlmpebp
focus sounds,FocusSpark – Smart Focus Sessions,14,0,,6523,,https://chromewebstore.google.com/detail/focusspark-%E2%80%93-smart-focus/dbhddnbkappldeffnjacgmgddeckkpbg
focus sounds,Focus Waves - Pomodoro Timer with Custom Ambient Sounds,37,0,,2302,,https://chromewebstore.google.com/detail/focus-waves-pomodoro-time/ifanceknmfnjbbjmjekfplpinjaacbja
ambient sound,Ambient sound,33,0,,2262,,https://chromewebstore.google.com/detail/ambient-sound/aagmcpnhgojgihmdlodmlchlgkglcenl
ambient sound,Ambiens — Ambient Sound Mixer,30,0,,2478,,https://chromewebstore.google.com/detail/ambiens-%E2%80%94-ambient-sound-m/hmonahlpihbmeolmibkenjlamongipdb
ambient sound,Sonora — An Ambient Sound Mixer,18,0,,2657,,https://chromewebstore.google.com/detail/sonora-%E2%80%94-an-ambient-sound/aomipjfbinoopinpmickhecbijdffkeo
ambient sound,Ambient Soundscape,4,0,,1647,,https://chromewebstore.google.com/detail/ambient-soundscape/dpkcjaigkfeglpgnfpnjjnkhkgdnnhch
ambient sound,Ambient Mixer,21,0,,1144,,https://chromewebstore.google.com/detail/ambient-mixer/pnedmalkfpieeglkmhefhmkdmlncgmoo
ambient sound,Custom Sound for Chrome™,1000,0,,1664,,https://chromewebstore.google.com/detail/custom-sound-for-chrome/hdblmfpbfiinepgfmmnfbokbndbifgoi
ambient sound,Meet Ambient Waiting Music,8,0,,1904,,https://chromewebstore.google.com/detail/meet-ambient-waiting-musi/gkepaklmkdgflbapfcmegodhlmaldmec
ambient sound,Surround sound for music and film,7000,0,,8670,,https://chromewebstore.google.com/detail/surround-sound-for-music/febckhheheicjbhjcbippbgjdcblbdhd
ambient sound,Sound Level Meter,1000,0,,2184,,https://chromewebstore.google.com/detail/sound-level-meter/bgjelpahfjmaghbnlehddolkhmkgebbc
background noise,Background Noise Remover,1000,0,,3385,,https://chromewebstore.google.com/detail/background-noise-remover/ghfmnmccpoleondllppofccapfholafa
background noise,Remove Background Noise from Audio,404,0,,4438,,https://chromewebstore.google.com/detail/remove-background-noise-f/jbnagohlfeghklnnaobpgiijjaioojka
background noise,Noise Filter,6000,1,,2953," the audio, but also takes care of your ears by reducing fatigue and preventing tinnitus in the long term. For those who use ear plugs or a headset regularly, our extension is a game changer. You can now enjoy your videos without having to deal with unnecessary frequencies that can cause fatigue and",https://chromewebstore.google.com/detail/noise-filter/jdopcomiamfaelhcealinfdkcooehcjk
background noise,AI Noise Cancellation For Listeners,2000,0,,3589,,https://chromewebstore.google.com/detail/ai-noise-cancellation-for/haalkhejfckbcbheikblbllncbielmke
background noise,Background noise removal,106,0,,5142,,https://chromewebstore.google.com/detail/background-noise-removal/cfmhmmchbclfbappbacjglhmkoghfbpf
background noise,CXone Agent Noise Cancellation,40000,0,,0,,https://chromewebstore.google.com/detail/cxone-agent-noise-cancell/pjgfeeohcimebggggoloiekjhadhhaca
background noise,Noise Reducer for YouTube Studio,593,0,,3902,,https://chromewebstore.google.com/detail/noise-reducer-for-youtube/hpccahjpkbojifjlhapkpdebgcmonoll
rain sounds,Rain sounds &amp; thunder,16,0,,4363,,https://chromewebstore.google.com/detail/rain-sounds-thunder/dcoccdfebbdiijjpcgajjhhhecppploi
rain sounds,Nature Sound - Rain,24,0,,2195,,https://chromewebstore.google.com/detail/nature-sound-rain/iabehcpkknookocdkgefddbnlcglkjkg
rain sounds,NonStop Youtube - Auto Continue Watching,20000,0,,5502,,https://chromewebstore.google.com/detail/nonstop-youtube-auto-cont/gichhbklgekhbgilgeeioochjppcjamj
rain sounds,Sleep Timer for Spotify &amp; Web Player,1000,0,,2745,,https://chromewebstore.google.com/detail/sleep-timer-for-spotify-w/olnillffniogfhfohpimapmmpfdjnkhp
rain sounds,Speakoala - Text to Speech (TTS),687,0,,2758,,https://chromewebstore.google.com/detail/speakoala-text-to-speech/hccdgbgdnomgfpeeionkdfploajkminc
focus music,Study Music Player,698,0,,2039,,https://chromewebstore.google.com/detail/study-music-player/kkaopfmpojplcohadmlondcohabpkeep
focus music,Focus Music,337,0,,4316,,https://chromewebstore.google.com/detail/focus-music/bnecaegenddgoleofplogafikcdkckkm
focus music,Music for focus and work - Flow Music,25,0,,1410,,https://chromewebstore.google.com/detail/music-for-focus-and-work/dpiomineobnagambbgfnngjkigglnddm
focus music,Haze — Focus Music,28,0,,1794,,https://chromewebstore.google.com/detail/haze-%E2%80%94-focus-music/jbmcjhlldbljpcoeidejpfiaefjpjapa
focus music,NeonStream – Lo-Fi &amp; Focus Music Radio,7,0,,2726,,https://chromewebstore.google.com/detail/neonstream-%E2%80%93-lo-fi-focus/dbkahipejfcbpliecjikmnpdbdbpljhi
focus music,Music Mode for YouTube™ - Ad-Free Audio &amp; Focus,170,0,,2270,,https://chromewebstore.google.com/detail/music-mode-for-youtube-ad/bjahioldfhjggdjclgmmjdacffhedcdd
focus music,YT Focus,3,0,,5109,,https://chromewebstore.google.com/detail/yt-focus/ipfkcnbfeampajbjlehljmefomabiikh
focus music,Rofocus new: Increase your Focus and Productivity,650,0,,2154,,https://chromewebstore.google.com/detail/rofocus-new-increase-your/ngdnagmkbllpeiihbiojaeiopffnknna
focus music,LOFIDESK — Focus &amp; Chill New Tab,52,0,,2977,,https://chromewebstore.google.com/detail/lofidesk-%E2%80%94-focus-chill-ne/acmkacmpbddgeabfcafjjbfhhpgjoeec
study music,Dexter and Dee Dee Music Study Live Wallpaper,7,0,,2886,,https://chromewebstore.google.com/detail/dexter-and-dee-dee-music/eboppodcanhhjdchcpdbpeplfgbfoeoi
study music,Lofidoro,1000,0,,2082,,https://chromewebstore.google.com/detail/lofidoro/pjgoihdbljhplcmojnnfokmacpoonnee
study music,Transpose: pitch ▸ speed ▸ loop,1000000,0,,2936,,https://chromewebstore.google.com/detail/transpose-pitch-%E2%96%B8-speed-%E2%96%B8/ioimlbgefgadofblnajllknopjboejda
study music,Music Non Stop,136,0,,2094,,https://chromewebstore.google.com/detail/music-non-stop/odecihnhfjjhfmnclmdecakdgkalghhg
study music,Deep Focus — Study Dashboard,9,0,,2503,,https://chromewebstore.google.com/detail/deep-focus-%E2%80%94-study-dashbo/emjdfoljagokjjhocgojaoggjpikckjc
study music,Lofi Girl,10000,0,,2089,,https://chromewebstore.google.com/detail/lofi-girl/gmkiokemhjjdjmpnnjmnpkpfoenpnpne
study music,"ZenRadio.com - Music to help sleep, study, meditate, and relax (Official)",381,0,,2068,,https://chromewebstore.google.com/detail/zenradiocom-music-to-help/pochonijddfdmjeoahmpjmfelikojoob
lofi,Lofi Tab,1000,0,,3174,,https://chromewebstore.google.com/detail/lofi-tab/oidccjhecgdgchankoghgcfkafoeeedn
lofi,"LoveLofi — LoFi Radio, Effects &amp; Focus",88,0,,3148,,https://chromewebstore.google.com/detail/lovelofi-%E2%80%94-lofi-radio-eff/mendcekkmnbilibckdlilbpikmdjllic
lofi,Lofi Music Player,181,0,,2418,,https://chromewebstore.google.com/detail/lofi-music-player/nkckkbdfpcgcddgnmejhblppogjneldf
lofi,Phantom: Lofi Tutor,1000,0,,1986,,https://chromewebstore.google.com/detail/phantom-lofi-tutor/ofkgndjljeccdgmehefcijojnaagopbn
lofi,Lofi Radio — Player for Study &amp; Chill,140,0,,2304,,https://chromewebstore.google.com/detail/lofi-radio-%E2%80%94-player-for-s/bieoajbicchjfdgaijhdbbkekgnlbmef
lofi,Lo-Fi Radio,894,0,,1906,,https://chromewebstore.google.com/detail/lo-fi-radio/akkbfbediahdidlgbanghdmbfbkdbioj
lofi,Lofi Lounge,208,0,,2643,,https://chromewebstore.google.com/detail/lofi-lounge/kdabclajaoppedpbnbogcloppgkacjji
lofi,Lofi Horizon,18,0,,2254,,https://chromewebstore.google.com/detail/lofi-horizon/okjlmemmegkhojfdgbkoobnmjgikhcge
lofi,Lofi BGM Player,30,0,,2070,,https://chromewebstore.google.com/detail/lofi-bgm-player/jdcppdokgfbnhiacbeplahgnciahnhck
binaural beats,Binaural Beats,139,0,,4292,,https://chromewebstore.google.com/detail/binaural-beats/jnpapgmijmjgckcbnokcpdmbfljimbep
binaural beats,Binaural Extension,76,1,,4644,"c Tones: Layer Pink, White, Blue or Brown noise to block distractions, or enable rhythmic isochronic pulses for intense entrainment without headphones. ⏱️ Adjustable Timer: Set your duration as long as you'd like. 2. LAYER MODE: ENHANCE ANY MUSIC APP Turn your favorite music into a productivity supe",https://chromewebstore.google.com/detail/binaural-extension/jddjnikkciagoajkbnmciegdiacmonkf
binaural beats,YouTube™ Binaural Retuner,64,0,,2452,,https://chromewebstore.google.com/detail/youtube-binaural-retuner/ojbofogoincbdcmplmbjmmaabekejbbn
binaural beats,PureHertz - Binaural &amp; Solfeggio Player,9,0,,2105,,https://chromewebstore.google.com/detail/purehertz-binaural-solfeg/lmphkphjpkoenjikhkhnmmjjffobcoab
binaural beats,8D Audio &amp; Spatial Sound — 8Dfy,342,3,,3060,"Turn any YouTube video into immersive 8D spatial audio — in real time, 100% in your browser. Put on headphones and hear music orbit your head with true HRTF 3D positioning, multi-band surround, and binaural beats. No account, no uploads, nothing leaves your de",https://chromewebstore.google.com/detail/8d-audio-spatial-sound-%E2%80%94/flamcjcggbcpcdjpjheemmbknajhjbnn
binaural beats,GPS Anxiety,5,0,,3377,,https://chromewebstore.google.com/detail/gps-anxiety/jlcngjpfgdkekkbghgkhnbhcfncbnhgi
binaural beats,New Tab: Pomodoro Timer &amp; Site Blocker for Chrome,440,0,,4511,,https://chromewebstore.google.com/detail/new-tab-pomodoro-timer-si/ahdbmagpbepplcdlfodgilcljafooimc
