key,type,rank_group,rank_absolute,domain,url,title,is_cws,is_ours,checked_at
minimalist timer,organic,1,1,flocus.com,https://flocus.com/minimalist-pomodoro-timer/,Minimalist Pomodoro Timer,0,0,2026-09-13
minimalist timer,organic,2,2,play.google.com,https://play.google.com/store/apps/details?id=com.apps.adrcotfas.goodtime&hl=en_US,Goodtime: Pomodoro Timer - Apps on Google Play,0,0,2026-09-13
minimalist timer,organic,3,4,flipclock.app,https://flipclock.app/timer,Minimal Timer for Focus & Productivity - FlipClock,0,0,2026-09-13
minimalist timer,organic,4,5,shop.minimaldesksetups.com,https://shop.minimaldesksetups.com/products/pomodoro-timer?srsltid=AfmBOook1fFtWh8foV7BsDXcLJRw3n_jQ4O_3bxyGIPDOndwIP0b1yBD,Pomodoro Timer - Dual Display Focus & Productivity Timer,0,0,2026-09-13
minimalist timer,organic,5,6,www.tomatotimers.com,https://www.tomatotimers.com/,Pomodoro Timer,0,0,2026-09-13
minimalist timer,organic,6,7,www.reddit.com,https://www.reddit.com/r/studytips/comments/1v520cl/is_there_a_good_minimalist_study_timer/,is there a good minimalist study timer? : r/studytips,0,0,2026-09-13
minimalist timer,organic,7,8,studiestimer.com,https://studiestimer.com/,StudiesTimer — #1 Free Aesthetic Pomodoro & Study Timer ...,0,0,2026-09-13
minimalist timer,organic,8,9,www.etsy.com,https://www.etsy.com/listing/4427492698/minimalist-pomodoro-timer-for-personal,Minimalist Pomodoro Timer for Personal Use,0,0,2026-09-13
minimalist timer,organic,9,10,nesto.cc,https://nesto.cc/,Nesto Pomodoro Timer,0,0,2026-09-13
minimal timer,organic,1,1,flocus.com,https://flocus.com/minimalist-pomodoro-timer/,Minimalist Pomodoro Timer,0,0,2026-09-13
minimal timer,organic,2,2,shop.minimaldesksetups.com,https://shop.minimaldesksetups.com/products/flow-timer?srsltid=AfmBOoq6qdrbUr5yi-P0AyTJeGVqzu2z74tWcndPLr3eJqewAB5SXAks,Flow Timer — Physical Pomodoro Timer,0,0,2026-09-13
minimal timer,organic,3,3,flipclock.app,https://flipclock.app/timer,Minimal Timer for Focus & Productivity - FlipClock,0,0,2026-09-13
minimal timer,organic,4,4,apps.apple.com,https://apps.apple.com/us/app/timer-minimal-timer/id1661418622,Minimal Timer - App Store,0,0,2026-09-13
minimal timer,organic,5,5,www.tomatotimers.com,https://www.tomatotimers.com/,Pomodoro Timer,0,0,2026-09-13
minimal timer,organic,6,6,e.ggtimer.com,https://e.ggtimer.com/,E.ggTimer - a simple countdown timer,0,0,2026-09-13
minimal timer,organic,7,7,play.google.com,https://play.google.com/store/apps/details?id=ba.dysko.mct&hl=en_US,Minimalistic Countdown Timer - Apps on Google Play,0,0,2026-09-13
minimal timer,organic,8,8,lifeat.io,https://lifeat.io/tools/timer,Simple and Effective Countdown Timer,0,0,2026-09-13
minimal timer,organic,9,9,shop.minimaldesksetups.com,https://shop.minimaldesksetups.com/products/pomodoro-timer?srsltid=AfmBOooUOm5hqPcjD-7wV1Dyc-BnDNMEAXcFSy5fso_DoT9HaIYFtDyA,Pomodoro Timer - Dual Display Focus & Productivity Timer,0,0,2026-09-13
minimalist pomodoro timer,organic,1,1,flocus.com,https://flocus.com/minimalist-pomodoro-timer/,Minimalist Pomodoro Timer,0,0,2026-09-13
minimalist pomodoro timer,organic,2,2,shop.minimaldesksetups.com,https://shop.minimaldesksetups.com/products/pomodoro-timer?srsltid=AfmBOoqeYznSTegA3zespwhl2k7qC1efCr6hQF_o8lln0EbywSvPuS_4,Pomodoro Timer - Dual Display Focus & Productivity Timer,0,0,2026-09-13
minimalist pomodoro timer,organic,3,3,play.google.com,https://play.google.com/store/apps/details?id=com.apps.adrcotfas.goodtime&hl=en_US,Goodtime: Pomodoro Timer - Apps on Google Play,0,0,2026-09-13
minimalist pomodoro timer,organic,4,4,apps.apple.com,https://apps.apple.com/us/app/pomodoro-timer-focus-work/id6444737059,Pomodoro Timer: Focus & Work - App Store - Apple,0,0,2026-09-13
minimalist pomodoro timer,organic,5,5,www.tomatotimers.com,https://www.tomatotimers.com/,Pomodoro Timer,0,0,2026-09-13
minimalist pomodoro timer,organic,6,6,www.reddit.com,https://www.reddit.com/r/minimalism/comments/6jf3qv/i_built_a_minimalist_pomodoro_timer_let_me_know/,I built a minimalist Pomodoro timer. Let me know what you ...,0,0,2026-09-13
minimalist pomodoro timer,organic,7,9,www.cramandconquer.com,https://www.cramandconquer.com/minimalist-pomodoro-timer,Minimalist Pomodoro Timer | Distraction Free Focus Timer,0,0,2026-09-13
minimalist pomodoro timer,organic,8,10,nesto.cc,https://nesto.cc/,Nesto Pomodoro Timer,0,0,2026-09-13
minimalist pomodoro timer,organic,9,11,pomodorotimer.online,https://pomodorotimer.online/,"Pomodoro Timer — Do more in less time, stress-free",0,0,2026-09-13
minimalist pomodoro timer,organic,10,12,tools.webcode.solutions,https://tools.webcode.solutions/pomodoro/,Minimal Pomodoro Timer | Focus Better - webCode.tools,0,0,2026-09-13
calm timer,organic,1,1,www.youtube.com,https://www.youtube.com/watch?v=OInzPm3p3ZQ,Relaxing 10 Minute Spring Timer with Music,0,0,2026-09-13
calm timer,organic,2,2,www.youtube.com,https://www.youtube.com/watch?v=OuLLqoPx3LM,20 Minute Relaxing Timer  Relaxing Countdown with Calming ...,0,0,2026-09-13
calm timer,organic,3,3,www.youtube.com,https://www.youtube.com/watch?v=40tPuU6jrgQ,5 Minute Timer - Relaxing Music with Ocean Waves,0,0,2026-09-13
calm timer,organic,4,4,www.youtube.com,https://www.youtube.com/@relaxingtimers1909,Relaxing Timers,0,0,2026-09-13
calm timer,organic,5,5,www.youtube.com,https://www.youtube.com/watch?v=ExjvcfG5opU,30 Minute Timer with Calm Music for Classroom,0,0,2026-09-13
calm timer,organic,6,6,www.youtube.com,https://www.youtube.com/watch?v=qrShNvwdeoY,1 Minute Timer (Calm Music),0,0,2026-09-13
calm timer,organic,7,7,www.youtube.com,https://www.youtube.com/watch?v=0MzoGvw1viQ,Stay focused for 20 Minutes with Relaxing Music ⏰,0,0,2026-09-13
calm timer,organic,8,9,www.youtube.com,https://www.youtube.com/watch?v=WK5n5SUrBi8,7 Minute Summer Timer with Chilled Music,0,0,2026-09-13
calm timer,organic,9,10,www.youtube.com,https://www.youtube.com/watch?v=aJhnExyuRa0,8 Minute Timer (Calm Music),0,0,2026-09-13
quiet timer,organic,1,1,stopwatch-app.com,https://stopwatch-app.com/timer,Online Timer & Countdown,0,0,2026-09-13
quiet timer,organic,2,2,www.online-stopwatch.com,https://www.online-stopwatch.com/sensory-timers/,Sensory Timers - Relaxing Timers - Visual Timers,0,0,2026-09-13
quiet timer,organic,3,6,kajacode.com,https://kajacode.com/timer/timer.html,Silent Countdown Timer,0,0,2026-09-13
quiet timer,organic,4,7,www.amazon.com,https://www.amazon.com/quiet-timer/s?k=quiet+timer,Quiet Timer,0,0,2026-09-13
quiet timer,organic,5,8,www.scottseverance.us,https://www.scottseverance.us/timer/,Silent Countdown Timer - Scott Severance,0,0,2026-09-13
quiet timer,organic,6,9,www.walmart.com,https://www.walmart.com/ip/60-Visual-Timer-Quiet-Countdown-for-Time-Management-Tool/20646304599,60 Visual Timer Quiet Countdown for Time Management Tool,0,0,2026-09-13
quiet timer,organic,7,10,www.timetimer.com,https://www.timetimer.com/?srsltid=AfmBOoqgGlWOuD2-4lxmXNf9h_FT_fUFhMZ6rgByr1eGEAc7TIA7Vazb,Time Timer® | Visual Timers For Time Management ...,0,0,2026-09-13
aesthetic timer,organic,1,1,flocus.com,https://flocus.com/online-flip-clock/,Aesthetic Online Flip Clock & Timer,0,0,2026-09-13
aesthetic timer,organic,2,2,studywithme.io,https://studywithme.io/aesthetic-pomodoro-timer/,Aesthetic Pomodoro Timer | Study With Me,0,0,2026-09-13
aesthetic timer,organic,3,3,studiestimer.com,https://studiestimer.com/,StudiesTimer — #1 Free Aesthetic Pomodoro & Study Timer ...,0,0,2026-09-13
aesthetic timer,organic,4,4,flocus.com,https://flocus.com/aesthetic-stopwatch/,Aesthetic Online Stopwatch,0,0,2026-09-13
aesthetic timer,organic,5,6,www.wonderspace.app,https://www.wonderspace.app/,WonderSpace - Lofi Aesthetic Pomodoro Timer,0,0,2026-09-13
aesthetic timer,organic,6,8,www.reddit.com,https://www.reddit.com/r/studytips/comments/1kwi8d4/i_built_an_aesthetic_pomodoro_timer_to_help_me/,I built an aesthetic Pomodoro timer to help me focus,0,0,2026-09-13
aesthetic timer,organic,7,9,www.amazon.com,https://www.amazon.com/aesthetic-timer/s?k=aesthetic+timer,Aesthetic Timer,0,0,2026-09-13
aesthetic timer,organic,8,10,flipclock.app,https://flipclock.app/timer,Minimal Timer for Focus & Productivity - FlipClock,0,0,2026-09-13
focus timer,organic,1,1,pomofocus.io,https://pomofocus.io/,25:00 - Time to focus!,0,0,2026-09-13
focus timer,organic,2,2,pomodorotimer.online,https://pomodorotimer.online/,"Pomodoro Timer — Do more in less time, stress-free",0,0,2026-09-13
focus timer,organic,3,3,flocus.com,https://flocus.com/,Flocus™ | A beautiful way to get more done,0,0,2026-09-13
focus timer,organic,4,4,studywithme.io,https://studywithme.io/aesthetic-pomodoro-timer/,Aesthetic Pomodoro Timer | Study With Me,0,0,2026-09-13
focus timer,organic,5,5,apps.apple.com,https://apps.apple.com/us/app/focus-to-do-focus-timer-tasks/id966057213,Focus To-Do: Focus Timer&Tasks - App Store - Apple,0,0,2026-09-13
focus timer,organic,6,8,play.google.com,https://play.google.com/store/apps/details?id=com.lamprof.focus&hl=en_US,Pomodoro: Focus Timer - Apps on Google Play,0,0,2026-09-13
focus timer,organic,7,9,studiestimer.com,https://studiestimer.com/,StudiesTimer — #1 Free Aesthetic Pomodoro & Study Timer ...,0,0,2026-09-13
focus timer,organic,8,10,www.youtube.com,https://www.youtube.com/watch?v=gRWQ1rhHHiQ,The Minimal Focus Timer That Does It All!,0,0,2026-09-13
study timer,organic,1,1,studywithme.io,https://studywithme.io/aesthetic-pomodoro-timer/,Aesthetic Pomodoro Timer | Study With Me,0,0,2026-09-13
study timer,organic,2,2,pomofocus.io,https://pomofocus.io/,Pomodoro Timer,0,0,2026-09-13
study timer,organic,3,3,studiestimer.com,https://studiestimer.com/,StudiesTimer — #1 Free Aesthetic Pomodoro & Study Timer ...,0,0,2026-09-13
study timer,organic,4,4,flocus.com,https://flocus.com/aesthetic-stopwatch/,Aesthetic Online Stopwatch,0,0,2026-09-13
study timer,organic,5,5,www.tomatotimers.com,https://www.tomatotimers.com/,Pomodoro Timer,0,0,2026-09-13
study timer,organic,6,6,www.youtube.com,https://www.youtube.com/watch?v=brnafxH_0E8,Pomodoro Timer 3x30 (1.5hr) | ADHD | Let's get focused!,0,0,2026-09-13
study timer,organic,7,7,play.google.com,https://play.google.com/store/apps/details?id=com.superelement.pomodoro&hl=en_US,Focus To-Do: Pomodoro & Tasks - Apps on Google Play,0,0,2026-09-13
study timer,organic,8,8,www.amazon.com,https://www.amazon.com/Rotating-Pomodoro-Minutes-Productivity-Vibration/dp/B0D7JG4VLD,"Rotating Productivity Timer 5/25/10/50, Desk Flip ...",0,0,2026-09-13
study timer,organic,9,10,www.wonderspace.app,https://www.wonderspace.app/,WonderSpace - Lofi Aesthetic Pomodoro Timer,0,0,2026-09-13
study timer,organic,10,11,pomodorotimer.online,https://pomodorotimer.online/,"Pomodoro Timer — Do more in less time, stress-free",0,0,2026-09-13
brown noise,organic,1,3,open.spotify.com,https://open.spotify.com/playlist/37i9dQZF1DX4hpot8sYudB,Brown Noise | Spotify Playlist,0,0,2026-09-13
brown noise,organic,2,4,en.wikipedia.org,https://en.wikipedia.org/wiki/Brownian_noise,Brownian noise,0,0,2026-09-13
brown noise,organic,3,5,music.amazon.com,https://music.amazon.com/podcasts/115cfc94-5337-4229-8670-fad407d01726/episodes/9e7bd507-94a9-40fa-8661-05329f9817f0/white-noise-and-sleep-sounds-12-hours-brown-noise-sleep-sound-12-hours,Brown Noise | Sleep Sound (12 Hours),0,0,2026-09-13
brown noise,organic,4,6,music.youtube.com,https://music.youtube.com/search?q=brown+noise,YouTube Music,0,0,2026-09-13
brown noise,organic,5,7,www.calm.com,https://www.calm.com/blog/brown-noise-sleep,Brown noise for sleep: what it is and how it helps,0,0,2026-09-13
brown noise,organic,6,9,mynoise.net,https://mynoise.net/NoiseMachines/notWhiteNoisePlayer.php,Brownish Brown — The 'Not White' Noise Generator,0,0,2026-09-13
brown noise,organic,7,10,health.clevelandclinic.org,https://health.clevelandclinic.org/brown-noise,Brown Noise May Help You Focus and Relax,0,0,2026-09-13
brown noise,organic,8,11,brownnoise.com,https://brownnoise.com/,"Brown Noise Generator – Free, No Ads | BrownNoise.com",0,0,2026-09-13
brown noise app,organic,1,2,play.google.com,https://play.google.com/store/apps/details?id=info.vazquezsoftware.whitenoise&hl=en_US,Brown Noise and Pink Noise - Apps on Google Play,0,0,2026-09-13
brown noise app,organic,2,3,www.reddit.com,https://www.reddit.com/r/misophonia/comments/1jh45gz/any_recommendations_for_a_brown_noise_app/,Any recommendations for a brown noise app? : r/misophonia,0,0,2026-09-13
brown noise app,organic,3,5,slonoise.com,https://slonoise.com/,"Slo: Free Brown Noise App — iOS, Android, Mac",0,0,2026-09-13
brown noise app,organic,4,6,simplynoise.com,https://simplynoise.com/,SimplyNoise • classic,0,0,2026-09-13
brown noise app,organic,5,7,brownnoise.com,https://brownnoise.com/,"Brown Noise Generator – Free, No Ads | BrownNoise.com",0,0,2026-09-13
brown noise app,organic,6,8,apps.apple.com,https://apps.apple.com/us/app/brown-noise-app/id1558551781,Brown Noise App - App Store,0,0,2026-09-13
brown noise app,organic,7,9,mynoise.net,https://mynoise.net/NoiseMachines/notWhiteNoisePlayer.php,Brownish Brown — The 'Not White' Noise Generator,0,0,2026-09-13
brown noise app,organic,8,10,play.google.com,https://play.google.com/store/apps/details?id=com.sleep.sounds.noise.rain&hl=en_US,"Slo: Sleep Sounds, Brown Noise - Apps on Google Play",0,0,2026-09-13
brown noise app,organic,9,11,noise-foundation.com,https://noise-foundation.com/free-brown-noise/,"Free Brown Noise — No Ads, No App, Loops All Night",0,0,2026-09-13
brown noise generator,organic,1,2,mynoise.net,https://mynoise.net/NoiseMachines/whiteNoiseGenerator.php,The Ultimate White Noise Player — Design Your Own Color,0,0,2026-09-13
brown noise generator,organic,2,3,29a.ch,https://29a.ch/noise-generator/,"Noise Generator - Online White, Pink, Velvet, Brownian Noise",0,0,2026-09-13
brown noise generator,organic,3,4,brownnoise.com,https://brownnoise.com/,"Brown Noise Generator – Free, No Ads | BrownNoise.com",0,0,2026-09-13
brown noise generator,organic,4,5,muted.io,https://muted.io/noise-generator/,"Online Noise Generator for White, Pink or Brown Noise",0,0,2026-09-13
brown noise generator,organic,5,7,slonoise.com,https://slonoise.com/play/brown-noise/,"Brown Noise Generator — Free Online, No Ads, No Signup",0,0,2026-09-13
brown noise generator,organic,6,8,play.google.com,https://play.google.com/store/apps/details?id=com.hipxel.noise&hl=en_US,"Noise: White, Pink, Brown - Apps on ...",0,0,2026-09-13
brown noise generator,organic,7,9,noises.online,https://noises.online/,Online Background Noises • Relaxing Sounds • Noise Masking,0,0,2026-09-13
brown noise generator,organic,8,10,www.amazon.com,https://www.amazon.com/BrownNoise-Machine-Soothing-Machines-Function/dp/B0B93SW5V9,Brown Noise Sound Machine with 30 Soothing ...,0,0,2026-09-13
brown noise for studying,organic,1,3,open.spotify.com,https://open.spotify.com/playlist/25u3wuY2IcmOSaq1FTPLg5,brown noise for studying 🎧🦉 - playlist by Maira,0,0,2026-09-13
brown noise for studying,organic,2,4,www.relaxingwhitenoise.com,https://www.relaxingwhitenoise.com/brown-noise-sleep-study-focus-8-hour-super-smooth-deep-brown-noise/,"Brown Noise | Sleep, Study, Focus | 8 Hour Super Smooth ...",0,0,2026-09-13
brown noise for studying,organic,3,5,www.youtube.com,https://www.youtube.com/watch?v=gJnxtjE1FY0,"Sleep, Study, Focus | Super Smooth & Deep Brown Noise",0,0,2026-09-13
brown noise for studying,organic,4,6,health.clevelandclinic.org,https://health.clevelandclinic.org/brown-noise,Brown Noise May Help You Focus and Relax,0,0,2026-09-13
brown noise for studying,organic,5,7,open.spotify.com,https://open.spotify.com/playlist/1RelWQY3aVOOf2CrXLIEMa,"Brown Noise for Study, Focus, Relax, Sleep, ADHD",0,0,2026-09-13
brown noise for studying,organic,6,8,pixabay.com,https://pixabay.com/sound-effects/search/brown-noise/,Free Brown-Noise Sound Effects Download,0,0,2026-09-13
brown noise for studying,organic,7,9,www.meditationsoundspodcast.com,https://www.meditationsoundspodcast.com/brown-noise-sleep-study-focus-super-smooth-deep-brown-noise/,"Sleep, Study, Focus | Super Smooth & Deep Brown Noise",0,0,2026-09-13
brown noise for focus,organic,1,1,www.youtube.com,https://www.youtube.com/watch?v=RqzGzwTY-6w,"Smoothed Brown Noise 8-Hours - Remastered, for Relaxation ...",0,0,2026-09-13
brown noise for focus,organic,2,3,www.youtube.com,https://www.youtube.com/watch?v=0GDfOAuUvQ0,Academic Brown | 8 hr | Brown Noise: A Sonic Wellness Journey,0,0,2026-09-13
brown noise for focus,organic,3,4,open.spotify.com,https://open.spotify.com/playlist/37i9dQZF1DX4hpot8sYudB,Brown Noise | Spotify Playlist,0,0,2026-09-13
brown noise for focus,organic,4,5,www.relaxingwhitenoise.com,https://www.relaxingwhitenoise.com/brown-noise-sleep-study-focus-8-hour-super-smooth-deep-brown-noise/,"Brown Noise | Sleep, Study, Focus | 8 Hour Super Smooth ...",0,0,2026-09-13
brown noise for focus,organic,5,6,www.youtube.com,https://www.youtube.com/watch?v=QW0u2sajpQ0,Deep Smoothed Brown Noise + High Focus Isochronic Tones ...,0,0,2026-09-13
brown noise for focus,organic,6,7,health.clevelandclinic.org,https://health.clevelandclinic.org/brown-noise,Brown Noise May Help You Focus and Relax,0,0,2026-09-13
brown noise for focus,organic,7,8,open.spotify.com,https://open.spotify.com/playlist/2A4ufQx0uoEV2IzjGavph0,Best brown noise for focus 🎧 - playlist by Nordic Chill Sounds,0,0,2026-09-13
brown noise for focus,organic,8,9,www.youtube.com,https://www.youtube.com/watch?v=NL68jbjINiA,Cozy Focus  10 HOURS of Smoothed Brown Noise,0,0,2026-09-13
brown noise for focus,organic,9,10,www.youtube.com,https://www.youtube.com/watch?v=GSiqI-uwaN0,3 Hour BROWN NOISE w/ BLACKOUT SCREEN  for FOCUS ...,0,0,2026-09-13
brown noise for focus,organic,10,11,www.calm.com,https://www.calm.com/blog/brown-noise-sleep,Brown noise for sleep: what it is and how it helps,0,0,2026-09-13
minimalist timer chrome extension,organic,1,2,chromewebstore.google.com,https://chromewebstore.google.com/detail/focus-to-do-pomodoro-time/ngceodoilcgpmkijopinlkmohnfifjfb,Focus To-Do: Pomodoro Timer & To Do List - Chrome Web Store,1,0,2026-09-13
minimalist timer chrome extension,organic,2,3,www.reddit.com,https://www.reddit.com/r/GetStudying/comments/1o34nah/i_built_a_free_chrome_extension_to_supercharge/,I built a free Chrome extension to supercharge your focus ...,0,0,2026-09-13
minimalist timer chrome extension,organic,3,4,chromewebstore.google.com,https://chromewebstore.google.com/detail/minimalist-focus-timer/eglbnllngiannimbjimkpjklnjgelnoi,Minimalist Focus Timer - Chrome Web Store,1,0,2026-09-13
minimalist timer chrome extension,organic,4,5,gridfiti.com,https://gridfiti.com/pomodoro-timer-chrome-extensions/,The 14 Best Pomodoro Timer Chrome Extensions for Focus,0,0,2026-09-13
minimalist timer chrome extension,organic,5,6,play.google.com,https://play.google.com/store/apps/details?id=com.apps.adrcotfas.goodtime&hl=en_US,Goodtime: Pomodoro Timer - Apps on Google Play,0,0,2026-09-13
minimalist timer chrome extension,organic,6,7,flocus.com,https://flocus.com/minimalist-pomodoro-timer/,Minimalist Pomodoro Timer,0,0,2026-09-13
minimalist timer chrome extension,organic,7,8,mashable.com,https://mashable.com/article/time-management-chrome-extensions,6 savvy time management extensions for Chrome,0,0,2026-09-13
minimalist timer chrome extension,organic,8,9,chromewebstore.google.com,https://chromewebstore.google.com/detail/pomodoro-chrome-extension/iccjkhpkdhdhjiaocipcegfeoclioejn,Pomodoro Chrome Extension,1,0,2026-09-13
minimalist timer chrome extension,organic,9,11,toggl.com,https://toggl.com/blog/time-tracking-chrome-extension,7 Best Time Tracking Chrome Extensions (2026),0,0,2026-09-13
brown noise chrome extension,organic,1,1,chromewebstore.google.com,https://chromewebstore.google.com/detail/noise-generator/fnkehfbnlkommkgoeoimnmejbgpkglpn?hl=en,Noise Generator - Chrome Web Store,1,0,2026-09-13
brown noise chrome extension,organic,2,4,play.google.com,https://play.google.com/store/apps/details?id=com.smarttoolsdev.brownnoise&hl=en_US,Brown Noise: Sleep & Focus - Apps on ...,0,0,2026-09-13
brown noise chrome extension,organic,3,5,slonoise.com,https://slonoise.com/play/brown-noise/,"Brown Noise Generator — Free Online, No Ads, No Signup",0,0,2026-09-13
brown noise chrome extension,organic,4,6,www.reddit.com,https://www.reddit.com/r/googlehome/comments/1359gd5/help_me_sleep_is_going_away_next_month_what_can_i/,Help Me Sleep is going away next month what can I do for ...,0,0,2026-09-13
brown noise chrome extension,organic,5,8,support.google.com,https://support.google.com/googlehome/answer/7364558?hl=en,Play white noise & sleep sounds on your speakers or ...,0,0,2026-09-13
brown noise chrome extension,organic,6,9,www.calm.com,https://www.calm.com/blog/brown-noise-sleep,Brown noise for sleep: what it is and how it helps,0,0,2026-09-13
brown noise chrome extension,organic,7,10,play.google.com,https://play.google.com/store/apps/details?id=com.kitefaster.whitenoise&listing=brownnoise&hl=en_US,Brown Noise Deep Sleep Sounds - Apps on Google Play,0,0,2026-09-13
brown noise chrome extension,organic,8,11,mynoise.net,https://mynoise.net/NoiseMachines/notWhiteNoisePlayer.php,Brownish Brown — The 'Not White' Noise Generator,0,0,2026-09-13
pomodoro chrome extension,organic,1,1,chromewebstore.google.com,https://chromewebstore.google.com/detail/pomodoro-chrome-extension/iccjkhpkdhdhjiaocipcegfeoclioejn,Pomodoro Chrome Extension,1,0,2026-09-13
pomodoro chrome extension,organic,2,2,www.reddit.com,https://www.reddit.com/r/GetStudying/comments/1o34nah/i_built_a_free_chrome_extension_to_supercharge/,I built a free Chrome extension to supercharge your focus ...,0,0,2026-09-13
pomodoro chrome extension,organic,3,3,chromewebstore.google.com,https://chromewebstore.google.com/detail/focus-to-do-pomodoro-time/ngceodoilcgpmkijopinlkmohnfifjfb,Focus To-Do: Pomodoro Timer & To Do List - Chrome Web Store,1,0,2026-09-13
pomodoro chrome extension,organic,4,4,gridfiti.com,https://gridfiti.com/pomodoro-timer-chrome-extensions/,The 14 Best Pomodoro Timer Chrome Extensions for Focus,0,0,2026-09-13
pomodoro chrome extension,organic,5,5,www.youtube.com,https://www.youtube.com/watch?v=dLQwQIwiGOs,New Pomodoro Timer for Chrome (FREE!),0,0,2026-09-13
pomodoro chrome extension,organic,6,6,ottoapp.me,https://ottoapp.me/,Otto — Free Pomodoro timer and Website Blocker for Chrome,0,0,2026-09-13
pomodoro chrome extension,organic,7,8,en.softonic.com,https://en.softonic.com/downloads/pomodoro-extension-for-chrome/6,Download Pomodoro Extension For Chrome,0,0,2026-09-13
pomodoro chrome extension,organic,8,10,github.com,https://github.com/sejalvasan/Pomodoro-Chrome-Extension,sejalvasan/Pomodoro-Chrome-Extension,0,0,2026-09-13
pomodoro chrome extension,organic,9,11,www.readlax.com,https://www.readlax.com/blog/en/focus_timer_extensions_for_chrome,7 Top Focus Timer Extensions for Chrome,0,0,2026-09-13
focus timer chrome extension,organic,1,1,chromewebstore.google.com,https://chromewebstore.google.com/detail/focus-timer/jdgkhgoanhhnileehaipfpffmnfiiibh?hl=en,Focus Timer - Chrome Web Store,1,0,2026-09-13
focus timer chrome extension,organic,2,2,chromewebstore.google.com,https://chromewebstore.google.com/detail/focus-to-do-pomodoro-time/ngceodoilcgpmkijopinlkmohnfifjfb,Focus To-Do: Pomodoro Timer & To Do List - Chrome Web Store,1,0,2026-09-13
focus timer chrome extension,organic,3,3,www.reddit.com,https://www.reddit.com/r/GetStudying/comments/1o34nah/i_built_a_free_chrome_extension_to_supercharge/,I built a free Chrome extension to supercharge your focus ...,0,0,2026-09-13
focus timer chrome extension,organic,4,4,chromewebstore.google.com,https://chromewebstore.google.com/detail/stayfocusd-%E2%80%93-website-bloc/laankejkbhbdhmipfmgcngdelahlfoji?hl=en-US,StayFocusd – Website Blocker & Focus Timer & Shorts Blocker,1,0,2026-09-13
focus timer chrome extension,organic,5,5,gridfiti.com,https://gridfiti.com/pomodoro-timer-chrome-extensions/,The 14 Best Pomodoro Timer Chrome Extensions for Focus,0,0,2026-09-13
focus timer chrome extension,organic,6,7,www.readlax.com,https://www.readlax.com/blog/en/focus_timer_extensions_for_chrome,7 Top Focus Timer Extensions for Chrome,0,0,2026-09-13
focus timer chrome extension,organic,7,8,medium.com,https://medium.com/readlax/7-best-focus-timer-extensions-for-chrome-79d32e3f1e45,7 Best Focus Timer Extensions for Chrome - Readlax,0,0,2026-09-13
focus timer chrome extension,organic,8,10,www.pomodotree.com,https://www.pomodotree.com/extension/,PomodoTree Extension — Focus Timer & Site Blocker,0,0,2026-09-13
focus timer chrome extension,organic,9,11,www.youtube.com,https://www.youtube.com/watch?v=dLQwQIwiGOs,New Pomodoro Timer for Chrome (FREE!),0,0,2026-09-13
timer chrome extension,organic,1,1,chromewebstore.google.com,https://chromewebstore.google.com/detail/timer-for-google-chrome/kbajefidbakalojflbaojijekaomlidj?hl=en,Timer for Google Chrome™ - Chrome Web Store,1,0,2026-09-13
timer chrome extension,organic,2,2,chromewebstore.google.com,https://chromewebstore.google.com/detail/alarm-timer-and-stopwatch/jgpddkifkljmnfahlaofmjdeempjbpke?hl=en,"Alarm, Timer and Stopwatch - Chrome Web Store",1,0,2026-09-13
timer chrome extension,organic,3,3,www.reddit.com,https://www.reddit.com/r/chrome_extensions/comments/1lq6wtl/i_built_a_free_chrome_extension_that_places_a/,I built a free chrome extension that places a simple timer ...,0,0,2026-09-13
timer chrome extension,organic,4,4,chromewebstore.google.com,https://chromewebstore.google.com/detail/visual-timer/ppdaimjdegannlbdhdlcehjlcngcboog,Visual Timer - Chrome Web Store,1,0,2026-09-13
timer chrome extension,organic,5,5,clockify.me,https://clockify.me/chrome-time-tracking,Free Chrome time tracking extension,0,0,2026-09-13
timer chrome extension,organic,6,7,www.readlax.com,https://www.readlax.com/blog/en/focus_timer_extensions_for_chrome,7 Top Focus Timer Extensions for Chrome,0,0,2026-09-13
timer chrome extension,organic,7,8,www.youtube.com,https://www.youtube.com/watch?v=pl5kQFAmxYI,Timer Feature | Part 1 | Chrome Timer Extension,0,0,2026-09-13
timer chrome extension,organic,8,9,www.jibble.io,https://www.jibble.io/best-software/free-time-tracking-chrome-extension,6 Best Timer Chrome Extensions,0,0,2026-09-13
timer chrome extension,organic,9,10,www.tickspot.com,https://www.tickspot.com/help/47-tick-google-chrome-extension,Tick - Chrome Extension Timer,0,0,2026-09-13
timer chrome extension,organic,10,11,toggl.com,https://toggl.com/blog/time-tracking-chrome-extension,7 Best Time Tracking Chrome Extensions (2026),0,0,2026-09-13
